https://www.youtube.com/watch?v=y_zsmqVd7Tk, 
https://www.youtube.com/watch?v=TefvFkwr4U0, 
https://www.youtube.com/watch?v=3vcIdNU3Zy0, 
https://www.youtube.com/watch?v=uhzegA07Glc, 
https://www.youtube.com/watch?v=PAYz7EEVyOE, 
https://www.youtube.com/watch?v=QYZ6jHQcw88, 
https://www.youtube.com/watch?v=S4mwKksaCOo, 
https://www.youtube.com/watch?v=5vkLsRK4N8A, 
https://www.youtube.com/watch?v=Pj0Znvfm6zg, 
https://www.youtube.com/watch?v=nMkF_l2kesg, 
https://www.youtube.com/watch?v=7oqtyFRHok4, 
https://www.youtube.com/watch?v=eYR-S4KV124, 
https://www.youtube.com/watch?v=tRXZ-T3nBj8, 
https://www.youtube.com/watch?v=4cDO3PEh_Hg, 
https://www.youtube.com/watch?v=tbQqobLDCSg, 
https://www.youtube.com/watch?v=cU-G3-JqgrY, 
https://www.youtube.com/watch?v=VjqLvwRaXng, 
https://www.youtube.com/watch?v=-2v0b1uJBMs, 
https://www.youtube.com/watch?v=hvOtuUgzBsw, 
https://www.youtube.com/watch?v=hXr8rmqj1so, 
https://www.youtube.com/watch?v=pCwgo9hGVHY, 
https://www.youtube.com/watch?v=yzgvFU29IP4, 
https://www.youtube.com/watch?v=HV-aSp6nXGI, 
https://www.youtube.com/watch?v=poEVtlkPc1E, 
https://www.youtube.com/watch?v=M2lvVGOFQgw, 
https://www.youtube.com/watch?v=XsKKAI7oXqw, 
https://www.youtube.com/watch?v=RrvX8yxO4k8, 
https://www.youtube.com/watch?v=qwjt-gnItvg, 
https://www.youtube.com/watch?v=-Wk0BlxW91U, 
https://www.youtube.com/watch?v=b2UoZ6x2gxI, 
https://www.youtube.com/watch?v=cEkIF-lAov0, 
https://www.youtube.com/watch?v=R-LPn_xSPBE, 
https://www.youtube.com/watch?v=SaoCI_HEJik, 
https://www.youtube.com/watch?v=SUrhqK61jn4, 
https://www.youtube.com/watch?v=HvTcySPcSbY, 
https://www.youtube.com/watch?v=CsJk36Pb-8c, 
https://www.youtube.com/watch?v=93zd3XDpmiM, 
https://www.youtube.com/watch?v=SkCwzUz7K8s, 
https://www.youtube.com/watch?v=vq3XWOfFUvY, 
https://www.youtube.com/watch?v=fbUFdumjTk4, 
https://www.youtube.com/watch?v=JVujQoQRnDM, 
https://www.youtube.com/watch?v=gmv54pfxk0Q, 
https://www.youtube.com/watch?v=Ciw5TuJRh4o, 
https://www.youtube.com/watch?v=oY9HOqAU_Gc, 
https://www.youtube.com/watch?v=Ac7MaRNNruI, 
https://www.youtube.com/watch?v=qJf62k0GB4g, 
https://www.youtube.com/watch?v=q29jNDSdAzQ, 
https://www.youtube.com/watch?v=aA25I9lmJpM, 
https://www.youtube.com/watch?v=BJzSJlMwQcA, 
https://www.youtube.com/watch?v=OIqUka8BOS8, 
https://www.youtube.com/watch?v=clL6f2awiVk, 
https://www.youtube.com/watch?v=xG1fcT7BC1A, 
https://www.youtube.com/watch?v=eVlhXai7ISU, 
https://www.youtube.com/watch?v=CkOGYhtRjBg, 
https://www.youtube.com/watch?v=gPEF7O3cH5o, 
https://www.youtube.com/watch?v=BkNsD1R7GZk, 
https://www.youtube.com/watch?v=ED5YZ-fpm9A, 
https://www.youtube.com/watch?v=bm8KkdAfRTs, 
https://www.youtube.com/watch?v=0wOaTm_QHv8, 
https://www.youtube.com/watch?v=9oZCz2MBCnQ, 
https://www.youtube.com/watch?v=eLAm945Ky08, 
https://www.youtube.com/watch?v=7GhIAoHGQZI, 
https://www.youtube.com/watch?v=fYC-LF4iGKA, 
https://www.youtube.com/watch?v=fhi_sNlCk_U, 
https://www.youtube.com/watch?v=RyOFMZx0dTc, 
https://www.youtube.com/watch?v=IQhhYsg0gH8, 
https://www.youtube.com/watch?v=9gZu8dgqaw4, 
https://www.youtube.com/watch?v=qJYE5z8nxtg, 
https://www.youtube.com/watch?v=ihJLQrOtYsE, 
https://www.youtube.com/watch?v=Rf7zqGqSbU0, 
https://www.youtube.com/watch?v=kGKkUN50R0c, 
https://www.youtube.com/watch?v=CP9dwLdFk2o, 
https://www.youtube.com/watch?v=zRDNcrWXNAU, 
https://www.youtube.com/watch?v=f9cIn7ATR90, 
https://www.youtube.com/watch?v=2RUChKtPxaY, 
https://www.youtube.com/watch?v=MvRWmVaKFSo, 
https://www.youtube.com/watch?v=lchXSFuI8kg, 
https://www.youtube.com/watch?v=O9JmP0Zwz1s, 
https://www.youtube.com/watch?v=oSoR2qsv7es, 
https://www.youtube.com/watch?v=QpKdhbccQ3M, 
https://www.youtube.com/watch?v=S6-FmyV2xp4, 
https://www.youtube.com/watch?v=pLzyyQMKyoY, 
https://www.youtube.com/watch?v=K7rjApxYPtQ, 
https://www.youtube.com/watch?v=6DB_p2sMJTE, 
https://www.youtube.com/watch?v=CK0sbPZOMjY, 
https://www.youtube.com/watch?v=b5eIj7-j0is, 
https://www.youtube.com/watch?v=rgeLp2TX36c, 
https://www.youtube.com/watch?v=hfEHCh1krrk, 
https://www.youtube.com/watch?v=nv-pUx0hhwY, 
https://www.youtube.com/watch?v=6NIt6ibAD6I, 
https://www.youtube.com/watch?v=oWiVNas_SYI, 
https://www.youtube.com/watch?v=w_Ma8oQLmSM, 
https://www.youtube.com/watch?v=LX3-YLM2fwg, 
https://www.youtube.com/watch?v=-i4Qol3b6zs, 
https://www.youtube.com/watch?v=-tn8DWQzJ38, 
https://www.youtube.com/watch?v=XHBABj6OMQw, 
https://www.youtube.com/watch?v=t_naT00e5l0, 
https://www.youtube.com/watch?v=FOODAALcvHY, 
https://www.youtube.com/watch?v=k-EDeh2u4n8, 
https://www.youtube.com/watch?v=l0b_NFdGeDM, 
https://www.youtube.com/watch?v=hpevOoT7Chg, 
https://www.youtube.com/watch?v=I95I8f928lU, 
https://www.youtube.com/watch?v=bDgIB-6nzoQ, 
https://www.youtube.com/watch?v=mRe-514tGMg, 
https://www.youtube.com/watch?v=LzsAx6mt2UA, 
https://www.youtube.com/watch?v=3KbueWEvGGE, 
https://www.youtube.com/watch?v=oqlTmyGZ2is, 
https://www.youtube.com/watch?v=kdHkJC_bZfI, 
https://www.youtube.com/watch?v=NzpAa8BWrZ8, 
https://www.youtube.com/watch?v=8chd0qHhMWQ, 
https://www.youtube.com/watch?v=xvebBp1uKlA, 
https://www.youtube.com/watch?v=o_o96-qt91c, 
https://www.youtube.com/watch?v=KINFcYE_XUI, 
https://www.youtube.com/watch?v=4TEk4PzBU4s, 
https://www.youtube.com/watch?v=sD17hw6v4-8, 
https://www.youtube.com/watch?v=py8AV9SO_iM, 
https://www.youtube.com/watch?v=UQRDv3HtmUA, 
https://www.youtube.com/watch?v=seFt3qw5QBk, 
https://www.youtube.com/watch?v=xcrRX18le4E, 
https://www.youtube.com/watch?v=Iw3EOK-O580, 
https://www.youtube.com/watch?v=N_JMppjlqpQ, 
https://www.youtube.com/watch?v=wRoy_1AKb0Y, 
https://www.youtube.com/watch?v=kpXTbrXgwrI, 
https://www.youtube.com/watch?v=_Nq6GAg-RnQ, 
https://www.youtube.com/watch?v=-Mjke0IYOwk, 
https://www.youtube.com/watch?v=DgkDsmHAoaE, 
https://www.youtube.com/watch?v=tzkro_HSq1w, 
https://www.youtube.com/watch?v=dvxnHHxchLk, 
https://www.youtube.com/watch?v=EbckOT0HIQk, 
https://www.youtube.com/watch?v=bHLJNI6AGMs, 
https://www.youtube.com/watch?v=wXuWLlalCZo, 
https://www.youtube.com/watch?v=b2GuhPjw_mQ, 
https://www.youtube.com/watch?v=q1tW21YZn-o, 
https://www.youtube.com/watch?v=oNPVaLCFNi4, 
https://www.youtube.com/watch?v=jC9bUa7J2Ds, 
https://www.youtube.com/watch?v=wP6hpWgPJ98, 
https://www.youtube.com/watch?v=5lK8CJLW1oI, 
https://www.youtube.com/watch?v=5TXtdFN71NQ, 
https://www.youtube.com/watch?v=U2OBGypRb28, 
https://www.youtube.com/watch?v=F33GyOdceYY, 
https://www.youtube.com/watch?v=jL4pnbT0JCU, 
https://www.youtube.com/watch?v=uCNfeQHCcwc, 
https://www.youtube.com/watch?v=so5VYACDs7I, 
https://www.youtube.com/watch?v=cwPFbQuyvRo, 
https://www.youtube.com/watch?v=hcXDnEmb1js, 
https://www.youtube.com/watch?v=5RA56nXw1n8, 
https://www.youtube.com/watch?v=F88_69Pacw0, 
https://www.youtube.com/watch?v=syeXISjVNsg, 
https://www.youtube.com/watch?v=yP5iLwQKuyU, 
https://www.youtube.com/watch?v=eJtO8z58uno, 
https://www.youtube.com/watch?v=MFT8oo-qvOA, 
https://www.youtube.com/watch?v=QqgSVV36wNI, 
https://www.youtube.com/watch?v=z0sZNeSnqGU, 
https://www.youtube.com/watch?v=yR6wLoXD3zs, 
https://www.youtube.com/watch?v=xIicbOY0M1o, 
https://www.youtube.com/watch?v=-3HMFivfAtg, 
https://www.youtube.com/watch?v=P7d1H83IcjE, 
https://www.youtube.com/watch?v=TMzgI69lwq0, 
https://www.youtube.com/watch?v=49r320mmbk0, 
https://www.youtube.com/watch?v=W5JlqSYsPYs, 
https://www.youtube.com/watch?v=zZODkJUje5M, 
https://www.youtube.com/watch?v=bpChW0xpLBw, 
https://www.youtube.com/watch?v=jUozyr1QNdc, 
https://www.youtube.com/watch?v=hSVe5cnOoxo, 
https://www.youtube.com/watch?v=M7htV04x6Z8, 
https://www.youtube.com/watch?v=0Dtq6ieFEpY, 
https://www.youtube.com/watch?v=Ks1wfO8JIko, 
https://www.youtube.com/watch?v=SeimdkJY9po, 
https://www.youtube.com/watch?v=7rATmPOOXSo, 
https://www.youtube.com/watch?v=iMJ2GZWS29U, 
https://www.youtube.com/watch?v=6NztDtxqbLI, 
https://www.youtube.com/watch?v=41k2G_z05U0, 
https://www.youtube.com/watch?v=Ah4XB-xpNlQ, 
https://www.youtube.com/watch?v=6aJXND_Lfk8, 
https://www.youtube.com/watch?v=HPmRPgBJ5xQ, 
https://www.youtube.com/watch?v=zMXbw7DeeAc, 
https://www.youtube.com/watch?v=rOW62G0mi-0, 
https://www.youtube.com/watch?v=GFIG5CtQNFY, 
https://www.youtube.com/watch?v=6sDVUK5xxTY, 
https://www.youtube.com/watch?v=TIFSVSC7RLQ, 
https://www.youtube.com/watch?v=a1sCNLauzOo, 
https://www.youtube.com/watch?v=42v7LTnzJV4, 
https://www.youtube.com/watch?v=yA4aFD0AjDs, 
https://www.youtube.com/watch?v=49Uyt7XBvWw, 
https://www.youtube.com/watch?v=vvqa4zholE8, 
https://www.youtube.com/watch?v=SuGSXByGCBM, 
https://www.youtube.com/watch?v=EogFo8QOPpU, 
https://www.youtube.com/watch?v=m4ZBVTQHcZU, 
https://www.youtube.com/watch?v=ieilm5mExG0, 
https://www.youtube.com/watch?v=ztqFu_Q_udE, 
https://www.youtube.com/watch?v=hiWqxsusnMw, 
https://www.youtube.com/watch?v=JkP9qDvmQ9o, 
https://www.youtube.com/watch?v=wgU1Dsro-6U, 
https://www.youtube.com/watch?v=fR77MVOPbm4, 
https://www.youtube.com/watch?v=_YDqoaTAtww, 
https://www.youtube.com/watch?v=O_VdG-T2NXs, 
https://www.youtube.com/watch?v=IiCpDP0zclY, 
https://www.youtube.com/watch?v=4ENKOd8AOsU, 
https://www.youtube.com/watch?v=4s1iaXflVcg, 
https://www.youtube.com/watch?v=4vDiIyb-hho, 
https://www.youtube.com/watch?v=RcYORxk68y0, 
https://www.youtube.com/watch?v=dP1liXskUFE, 
https://www.youtube.com/watch?v=7HTe5CNcW5I, 
https://www.youtube.com/watch?v=LK-_xWB7YBU, 
https://www.youtube.com/watch?v=NZcky_UrtMI, 
https://www.youtube.com/watch?v=7W_Xp_9E29c, 
https://www.youtube.com/watch?v=Wj4ptw8CrrM, 
https://www.youtube.com/watch?v=v4-4p1KIQHk, 
https://www.youtube.com/watch?v=p6Fl4bsgig0, 
https://www.youtube.com/watch?v=-WXwCE9brdc, 
https://www.youtube.com/watch?v=OLrV_Hgl5Wo, 
https://www.youtube.com/watch?v=PTmOhTn12u8, 
https://www.youtube.com/watch?v=p0BzDPhGtpE, 
https://www.youtube.com/watch?v=WNL9HpPHM2Y, 
https://www.youtube.com/watch?v=AAQUGsUzWbE, 
https://www.youtube.com/watch?v=1MeO0BvyUmE, 
https://www.youtube.com/watch?v=71Fi3INpot8, 
https://www.youtube.com/watch?v=V6rU02TLGe8, 
https://www.youtube.com/watch?v=bDJshZyitks, 
https://www.youtube.com/watch?v=88e8h6LxI6Y, 
https://www.youtube.com/watch?v=JlqrHo-Rsi0, 
https://www.youtube.com/watch?v=CEzSXX3tcmU, 
https://www.youtube.com/watch?v=dgJN0J83kq0, 
https://www.youtube.com/watch?v=27ZOHNa7vMU, 
https://www.youtube.com/watch?v=ql1qfIOdr6Q, 
https://www.youtube.com/watch?v=17fUnSc2sqc, 
https://www.youtube.com/watch?v=WtoxxHADnGk, 
https://www.youtube.com/watch?v=_9ZVqdmaBvs, 
https://www.youtube.com/watch?v=Xlc17UqnS3g, 
https://www.youtube.com/watch?v=wnNrd-VjLsQ, 
https://www.youtube.com/watch?v=xk3vKRfqPG8, 
https://www.youtube.com/watch?v=GjM1cBwgCtc, 
https://www.youtube.com/watch?v=FegCHgu_4Pc, 
https://www.youtube.com/watch?v=Zw9pbI4hKcM, 
https://www.youtube.com/watch?v=2o42jt4Wf4A, 
https://www.youtube.com/watch?v=GP6SI6Ev15o, 
https://www.youtube.com/watch?v=9wJzijdUoUY, 
https://www.youtube.com/watch?v=PJR_aGTEcgs, 
https://www.youtube.com/watch?v=wNwy2pMdsP4, 
https://www.youtube.com/watch?v=tVJ5bJyDmYs, 
https://www.youtube.com/watch?v=sYuL0S4jaBk, 
https://www.youtube.com/watch?v=wWRbAtPWOho, 
https://www.youtube.com/watch?v=JVQaZtahjwg, 
https://www.youtube.com/watch?v=7LPp7SO4pM8, 
https://www.youtube.com/watch?v=Aw8FJy0-DcU, 
https://www.youtube.com/watch?v=zAMzGmDCTpc, 
https://www.youtube.com/watch?v=QYk50Vaco8M, 
https://www.youtube.com/watch?v=G0IBqtO1K28, 
https://www.youtube.com/watch?v=QcurPcHwX6U, 
https://www.youtube.com/watch?v=gOC9cpTLNXg, 
https://www.youtube.com/watch?v=KX1LKUpVb-A, 
https://www.youtube.com/watch?v=_vFWLGNpM5Q, 
https://www.youtube.com/watch?v=wrmmh4Rtoug, 
https://www.youtube.com/watch?v=aTgZSO2uBRM, 
https://www.youtube.com/watch?v=S92kTaJAZiQ, 
https://www.youtube.com/watch?v=uDzmE7ieP7A, 
https://www.youtube.com/watch?v=hXtYKDio1rQ, 
https://www.youtube.com/watch?v=EnNiyZ4aoqg, 
https://www.youtube.com/watch?v=LswmyRU-IF8, 
https://www.youtube.com/watch?v=cIAtWPqGvBA, 
https://www.youtube.com/watch?v=7I1kVwGKEgM, 
https://www.youtube.com/watch?v=uiIrKz1VB5Q, 
https://www.youtube.com/watch?v=13C8jdbqQcI, 
https://www.youtube.com/watch?v=7bqEl2RSE0E, 
https://www.youtube.com/watch?v=9jbMIb9Tp00, 
https://www.youtube.com/watch?v=kiTsX3vPHhE, 
https://www.youtube.com/watch?v=FvJUZl9Nck4, 
https://www.youtube.com/watch?v=iBv3OAlbFoE, 
https://www.youtube.com/watch?v=xNr8A_yhs1E, 
https://www.youtube.com/watch?v=xatQnEFncZM, 
https://www.youtube.com/watch?v=ARy_B-DcYZM, 
https://www.youtube.com/watch?v=HFqZVCa7oxI, 
https://www.youtube.com/watch?v=6DEywylyvvk, 
https://www.youtube.com/watch?v=8bV59mRX4Ig, 
https://www.youtube.com/watch?v=TLASOp8vgoc, 
https://www.youtube.com/watch?v=bK3WRwXZ4J4, 
https://www.youtube.com/watch?v=MTymnsq-b3g, 
https://www.youtube.com/watch?v=eLERLWTpzEM, 
https://www.youtube.com/watch?v=HOgKDQp2BHE, 
https://www.youtube.com/watch?v=bzl5MYQ4x8c, 
https://www.youtube.com/watch?v=lbuXyu2AE98, 
https://www.youtube.com/watch?v=dSycFECDqME, 
https://www.youtube.com/watch?v=Rd8xLcU4SWw, 
https://www.youtube.com/watch?v=_5_oHPJDDOM, 
https://www.youtube.com/watch?v=T5eUh1YSzTc, 
https://www.youtube.com/watch?v=DY5RYp4sxYc, 
https://www.youtube.com/watch?v=kiXyXf-pkuE, 
https://www.youtube.com/watch?v=SfZVMJxMTPE, 
https://www.youtube.com/watch?v=sqAdEAH2q_g, 
https://www.youtube.com/watch?v=OHMqaEQKEJA, 
https://www.youtube.com/watch?v=j5BpWrNj2UI, 
https://www.youtube.com/watch?v=kahRaKtjwSs, 
https://www.youtube.com/watch?v=ws_-gUSjr78, 
https://www.youtube.com/watch?v=2u4CwVllO_w, 
https://www.youtube.com/watch?v=6nuRX8rPdV4, 
https://www.youtube.com/watch?v=_RSdzpQQBFk, 
https://www.youtube.com/watch?v=j1b2Q_Pex60, 
https://www.youtube.com/watch?v=WrUFHxyJCSU, 
https://www.youtube.com/watch?v=ZEf_glmmcMM, 
https://www.youtube.com/watch?v=FPL9hEdhy64, 
https://www.youtube.com/watch?v=6-E1AuVIYdg, 
https://www.youtube.com/watch?v=ZdFeYRnDtTQ, 
https://www.youtube.com/watch?v=NIHwiMhXHSM, 
https://www.youtube.com/watch?v=TP5LJd1KyWI, 
https://www.youtube.com/watch?v=xqNjNlJTq5I, 
https://www.youtube.com/watch?v=gZM_YCjJ7TU, 
https://www.youtube.com/watch?v=_43S-7pjcrM, 
https://www.youtube.com/watch?v=U2024uAyIOk, 
https://www.youtube.com/watch?v=eMe89SxutTU, 
https://www.youtube.com/watch?v=NxaM2whyzDo, 
https://www.youtube.com/watch?v=zCRo9q9rdYA, 
https://www.youtube.com/watch?v=1LwOhCmut0U, 
https://www.youtube.com/watch?v=iB2vsDGWdy8, 
https://www.youtube.com/watch?v=S_tIoIW8gGE, 
https://www.youtube.com/watch?v=o7C4_TpcNuA, 
https://www.youtube.com/watch?v=Sx-oMVmNoPA, 
https://www.youtube.com/watch?v=Q8HIAHM8HyE, 
https://www.youtube.com/watch?v=1RY8N8-uz5c, 
https://www.youtube.com/watch?v=nN_gCsKu2k4, 
https://www.youtube.com/watch?v=maJessq4rMU, 
https://www.youtube.com/watch?v=Ax8vb6Dp5YA, 
https://www.youtube.com/watch?v=dcpLtQpq_U0, 
https://www.youtube.com/watch?v=BFCIT2YFpHo, 
https://www.youtube.com/watch?v=lRsDoDzDYOA, 
https://www.youtube.com/watch?v=aUFnuTqMEcY, 
https://www.youtube.com/watch?v=wxPxYPl24z0, 
https://www.youtube.com/watch?v=GjEeTl3Ph9k, 
https://www.youtube.com/watch?v=gDPnP_gJf_A, 
https://www.youtube.com/watch?v=_to25dlTn1g, 
https://www.youtube.com/watch?v=1F4hhVI4lyA, 
https://www.youtube.com/watch?v=pGaq_4J2H4Y, 
https://www.youtube.com/watch?v=Fzyf-p8QT0g, 
https://www.youtube.com/watch?v=QrN9bsiq7bw, 
https://www.youtube.com/watch?v=VfiXo3m1z_w, 
https://www.youtube.com/watch?v=osndBt7BCxc, 
https://www.youtube.com/watch?v=bdEYa2oBtII, 
https://www.youtube.com/watch?v=8InllLWvbv4, 
https://www.youtube.com/watch?v=-d4Y9K7YJoA, 
https://www.youtube.com/watch?v=tRCe5HcLPZo, 
https://www.youtube.com/watch?v=cAYIKRqe77Y, 
https://www.youtube.com/watch?v=hrWQii3pXGA, 
https://www.youtube.com/watch?v=Ubxlm11aDi8, 
https://www.youtube.com/watch?v=0_Pc44odF4g, 
https://www.youtube.com/watch?v=6_afojHmN6M, 
https://www.youtube.com/watch?v=QD7BiUnONCg, 
https://www.youtube.com/watch?v=rBwTRW4z6I0, 
https://www.youtube.com/watch?v=DSGyEsJ17cI, 
https://www.youtube.com/watch?v=SCz6vAJs2bg, 
https://www.youtube.com/watch?v=y2B8WT0HIZw, 
https://www.youtube.com/watch?v=cmcTJiTtWQI, 
https://www.youtube.com/watch?v=Rb3lQ3w2RD0, 
https://www.youtube.com/watch?v=ThC8WSQdCJ8, 
https://www.youtube.com/watch?v=m1MrpxD8HyM, 
https://www.youtube.com/watch?v=p9SjR0VNQZY, 
https://www.youtube.com/watch?v=RrtQaiBIG1c, 
https://www.youtube.com/watch?v=RdNYGKZ7rM4, 
https://www.youtube.com/watch?v=1nnt_Beuo88, 
https://www.youtube.com/watch?v=wOom_gsOTwA, 
https://www.youtube.com/watch?v=29CxrL316Ck, 
https://www.youtube.com/watch?v=hqXlJh17oxM, 
https://www.youtube.com/watch?v=uM-oftYVFGA, 
https://www.youtube.com/watch?v=Dwv53Cf34Dk, 
https://www.youtube.com/watch?v=PnkbIxlwT9Q, 
https://www.youtube.com/watch?v=cd6zdw-G1Ls, 
https://www.youtube.com/watch?v=RS2nmnGRgcg, 
https://www.youtube.com/watch?v=g7Hc38fXxYw, 
https://www.youtube.com/watch?v=2Y0EltLF4Uw, 
https://www.youtube.com/watch?v=FmdcTjdURLw, 
https://www.youtube.com/watch?v=VX9pZt0dajo, 
https://www.youtube.com/watch?v=hOGxUfOCM0U, 
https://www.youtube.com/watch?v=bt1m1VKO16s, 
https://www.youtube.com/watch?v=8U3sLOpnJvw, 
https://www.youtube.com/watch?v=1whBhf0cvqU, 
https://www.youtube.com/watch?v=DvgpO-uUEhU, 
https://www.youtube.com/watch?v=aFMTHJOFylA, 
https://www.youtube.com/watch?v=vzD5ydgthx4, 
https://www.youtube.com/watch?v=ANOT1ZaQZF8, 
https://www.youtube.com/watch?v=GG8RIuU-8IM, 
https://www.youtube.com/watch?v=nK-IiFlhbV0, 
https://www.youtube.com/watch?v=hFujzk-7WiI, 
https://www.youtube.com/watch?v=CTpJNwvGh7c, 
https://www.youtube.com/watch?v=q2HAVjlEU1A, 
https://www.youtube.com/watch?v=HTcH1hCvCb4, 
https://www.youtube.com/watch?v=DsVNl_jjEAI, 
https://www.youtube.com/watch?v=EBhCrTPpdBI, 
https://www.youtube.com/watch?v=RWbLrv6h70s, 
https://www.youtube.com/watch?v=Ivd9fxXxw30, 
https://www.youtube.com/watch?v=y6jVn6S_wzc, 
https://www.youtube.com/watch?v=6SWRFv8z8pY, 
https://www.youtube.com/watch?v=QWYf44HjBPo, 
https://www.youtube.com/watch?v=_URe-G0Ngiw, 
https://www.youtube.com/watch?v=u0fRdks51nE, 
https://www.youtube.com/watch?v=Xs6sO7dWOhg, 
https://www.youtube.com/watch?v=78blu9yVQeo, 
https://www.youtube.com/watch?v=DKy8yzmTCr4, 
https://www.youtube.com/watch?v=Q7K23ARsBKo, 
https://www.youtube.com/watch?v=iuuPByTTuP8, 
https://www.youtube.com/watch?v=wYywcHEgYX8, 
https://www.youtube.com/watch?v=P393gTj527k, 
https://www.youtube.com/watch?v=jz5FMnpNevg, 
https://www.youtube.com/watch?v=Er-7GrKMYa4, 
https://www.youtube.com/watch?v=U8UnyBRPXOQ, 
https://www.youtube.com/watch?v=9fEXUjM8KO4, 
https://www.youtube.com/watch?v=bEhJMnsPD5I, 
https://www.youtube.com/watch?v=cPh2vzrtG_w, 
https://www.youtube.com/watch?v=MC-wB2gLpzM, 
https://www.youtube.com/watch?v=L4a74U3zIxg, 
https://www.youtube.com/watch?v=7ZQZl_Qr1Gk, 
https://www.youtube.com/watch?v=9f8PqjkzYGQ, 
https://www.youtube.com/watch?v=QVsbXomMEx8, 
https://www.youtube.com/watch?v=LqS8Gnb8CvU, 
https://www.youtube.com/watch?v=_r19rwEfPAg, 
https://www.youtube.com/watch?v=RTWDi39qcxQ, 
https://www.youtube.com/watch?v=dBx2fLvFODU, 
https://www.youtube.com/watch?v=vGKB9-dBWlA, 
https://www.youtube.com/watch?v=6USiDsXvtc8, 
https://www.youtube.com/watch?v=S1crPJYIs1c, 
https://www.youtube.com/watch?v=aDBjlIXsv0Q, 
https://www.youtube.com/watch?v=8iVLvzO5Cso, 
https://www.youtube.com/watch?v=-61APDGMjc4, 
https://www.youtube.com/watch?v=8uHGtHI-dH4, 
https://www.youtube.com/watch?v=On0p2hgTK4E, 
https://www.youtube.com/watch?v=z07D1YbIBXs, 
https://www.youtube.com/watch?v=chAN8TPoYco, 
https://www.youtube.com/watch?v=VZBF-hewp90, 
https://www.youtube.com/watch?v=AjARJEnlXIQ, 
https://www.youtube.com/watch?v=mW5quD6bB2c, 
https://www.youtube.com/watch?v=kqbRbJkK-Hc, 
https://www.youtube.com/watch?v=QCKTjohrVpk, 
https://www.youtube.com/watch?v=NAk9Ku-n0Sk, 
https://www.youtube.com/watch?v=mzldt4UyTeI, 
https://www.youtube.com/watch?v=CFNxVVSH5cc, 
https://www.youtube.com/watch?v=vUL-RX_aoOg, 
https://www.youtube.com/watch?v=nX0sg1Gp-1w, 
https://www.youtube.com/watch?v=7LxcAzFr7iE, 
https://www.youtube.com/watch?v=hzLIiTlL3eQ, 
https://www.youtube.com/watch?v=tP4TP_BKrPs, 
https://www.youtube.com/watch?v=J1TZAIAVeuo, 
https://www.youtube.com/watch?v=kVe04n9GVvw, 
https://www.youtube.com/watch?v=OWlyBOpgZjw, 
https://www.youtube.com/watch?v=x4L-bQyvleY, 
https://www.youtube.com/watch?v=dLj9rBwyRZQ, 
https://www.youtube.com/watch?v=stIqAtXoKug, 
https://www.youtube.com/watch?v=bru3efl1wZg, 
https://www.youtube.com/watch?v=mJhRkOs0Q8A, 
https://www.youtube.com/watch?v=aLRtb7dOylI, 
https://www.youtube.com/watch?v=qi6QKB-sJRI, 
https://www.youtube.com/watch?v=yeoV-wBdoxQ, 
https://www.youtube.com/watch?v=t-MDZzfySvI, 
https://www.youtube.com/watch?v=c-j3S_UGFjU, 
https://www.youtube.com/watch?v=coYw-eVU0Ks, 
https://www.youtube.com/watch?v=p_e_iCsj-bs, 
https://www.youtube.com/watch?v=fkA2GbqB8UA, 
https://www.youtube.com/watch?v=FnTt18g2r38, 
https://www.youtube.com/watch?v=qiF4UX3G3G0, 
https://www.youtube.com/watch?v=tTdPAX8iNZE, 
https://www.youtube.com/watch?v=zlwbkP1WGp8, 
https://www.youtube.com/watch?v=PgF1QwbT0_A, 
https://www.youtube.com/watch?v=OTIe41ZvtS4, 
https://www.youtube.com/watch?v=CKbhFwr728c, 
https://www.youtube.com/watch?v=y5_yYIoa-eg, 
https://www.youtube.com/watch?v=Kf8WXYv0qsI, 
https://www.youtube.com/watch?v=tPeUHECNLKs, 
https://www.youtube.com/watch?v=wDk30GC8BVs, 
https://www.youtube.com/watch?v=MpdX1XQ4YYQ, 
https://www.youtube.com/watch?v=6ZEF3-4FYNI, 
https://www.youtube.com/watch?v=nsMrJJaU6gk, 
https://www.youtube.com/watch?v=dXZ3ns5v-e8, 
https://www.youtube.com/watch?v=Apkg4FVbdGs, 
https://www.youtube.com/watch?v=WVTw49gndIg, 
https://www.youtube.com/watch?v=DL73vaxa9eE, 
https://www.youtube.com/watch?v=4nOn4fNEZhk, 
https://www.youtube.com/watch?v=sCSPtrkktfI, 
https://www.youtube.com/watch?v=ea1eSIFGTs8, 
https://www.youtube.com/watch?v=f22tj0srsjk, 
https://www.youtube.com/watch?v=roseD-MmvME, 
https://www.youtube.com/watch?v=Lf_mqyPV6Io, 
https://www.youtube.com/watch?v=ExEGv2juTA8, 
https://www.youtube.com/watch?v=i2YJF4Yhp1I, 
https://www.youtube.com/watch?v=UcnXv37jTwo, 
https://www.youtube.com/watch?v=DEP56fC7wdU, 
https://www.youtube.com/watch?v=OGkjUk6jL1c, 
https://www.youtube.com/watch?v=hkMPESRDoTM, 
https://www.youtube.com/watch?v=b9F5hHanJbo, 
https://www.youtube.com/watch?v=YTqh_sQvk-s, 
https://www.youtube.com/watch?v=wmLDT9m4Ywk, 
https://www.youtube.com/watch?v=xpePiV3zXOg, 
https://www.youtube.com/watch?v=QbKe8gCTszw, 
https://www.youtube.com/watch?v=ZCxcF8_ZvK8, 
https://www.youtube.com/watch?v=JPl_onqeUCU, 
https://www.youtube.com/watch?v=OQLZIojJ-5s, 
https://www.youtube.com/watch?v=BLlL3yvHzFU, 
https://www.youtube.com/watch?v=9Iup70E0Ig0, 
https://www.youtube.com/watch?v=Fzo8jORoQMo, 
https://www.youtube.com/watch?v=BZ0SLfLW22U, 
https://www.youtube.com/watch?v=DlVcRpHzfzo, 
https://www.youtube.com/watch?v=slMmJFJLui8, 
https://www.youtube.com/watch?v=8lpiyyZ7M6g, 
https://www.youtube.com/watch?v=k--zJFObUjc, 
https://www.youtube.com/watch?v=RvQyNQ_F3vc, 
https://www.youtube.com/watch?v=EH6GNSEvmQE, 
https://www.youtube.com/watch?v=7g0lWkV61lY, 
https://www.youtube.com/watch?v=XxTNW6dwJ9Q, 
https://www.youtube.com/watch?v=VmGrhiKzzP0, 
https://www.youtube.com/watch?v=NvO5nzQ1zis, 
https://www.youtube.com/watch?v=u780XcoYm_U, 
https://www.youtube.com/watch?v=TsumMLWIsmM, 
https://www.youtube.com/watch?v=2j7E3lenBQc, 
https://www.youtube.com/watch?v=M7V_GGAoAyg, 
https://www.youtube.com/watch?v=plNXx3EV5R4, 
https://www.youtube.com/watch?v=AVj5mIua0bE, 
https://www.youtube.com/watch?v=YXOk0UJ6lv0, 
https://www.youtube.com/watch?v=T0B3Uy0vjpw, 
https://www.youtube.com/watch?v=sCjBbnpBOtU, 
https://www.youtube.com/watch?v=onRNBQ-XYSc, 
https://www.youtube.com/watch?v=7-fShR1SuEU, 
https://www.youtube.com/watch?v=MKJxW9o7yzY, 
https://www.youtube.com/watch?v=Tdnp7gWAu1M, 
https://www.youtube.com/watch?v=A_zdpIrRqUM, 
https://www.youtube.com/watch?v=abaOiRCcy6Y, 
https://www.youtube.com/watch?v=l-XhFA3gE0Q, 
https://www.youtube.com/watch?v=H2162wJsmpE, 
https://www.youtube.com/watch?v=f12EgkREedY, 
https://www.youtube.com/watch?v=B_w-ebltUEM, 
https://www.youtube.com/watch?v=QOHeq_C9hEs, 
https://www.youtube.com/watch?v=YSQRqDLn2TM, 
https://www.youtube.com/watch?v=W890IwrNQkI, 
https://www.youtube.com/watch?v=JU5bYnKNT8g, 
https://www.youtube.com/watch?v=rUuXpKWtiSY, 
https://www.youtube.com/watch?v=baURl-dylZY, 
https://www.youtube.com/watch?v=0wb6RpTJaE8, 
https://www.youtube.com/watch?v=r70FiiwtbdA, 
https://www.youtube.com/watch?v=GIxsG6j0Pjw, 
https://www.youtube.com/watch?v=2BDnAMR3GLg, 
https://www.youtube.com/watch?v=kDvT0xTdSGo, 
https://www.youtube.com/watch?v=D1qUhF8LkdY, 
https://www.youtube.com/watch?v=Xq3iEEFsQsc, 
https://www.youtube.com/watch?v=89lD_jA269k, 
https://www.youtube.com/watch?v=FsW3O6r3pHU, 
https://www.youtube.com/watch?v=vGimsBVpuN8, 
https://www.youtube.com/watch?v=NuaOQEL-lKQ, 
https://www.youtube.com/watch?v=HIsM5ZYVcFk, 
https://www.youtube.com/watch?v=_-ybzKvHz84, 
https://www.youtube.com/watch?v=CWNjN2bYzsA, 
https://www.youtube.com/watch?v=h00OQX7JPYk, 
https://www.youtube.com/watch?v=Vn3ZTLwHLmE, 
https://www.youtube.com/watch?v=HjKSNgOoTBA, 
https://www.youtube.com/watch?v=ULdsvyIVwnw, 
https://www.youtube.com/watch?v=hat2Onb6hQw, 
https://www.youtube.com/watch?v=4uGMCOGuCNQ, 
https://www.youtube.com/watch?v=Of110eQDbkc, 
https://www.youtube.com/watch?v=zWuon7LMi5o, 
https://www.youtube.com/watch?v=Y2KQWXLHIIE, 
https://www.youtube.com/watch?v=mj_l7TIGFgg, 
https://www.youtube.com/watch?v=TuFOFMOnGBk, 
https://www.youtube.com/watch?v=ZDdvss1v-0Q, 
https://www.youtube.com/watch?v=IN3wNf6hKMk, 
https://www.youtube.com/watch?v=kUhhWS-5fkg, 
https://www.youtube.com/watch?v=vK6AtkTojz0, 
https://www.youtube.com/watch?v=Pb5ljitmUqQ, 
https://www.youtube.com/watch?v=kg2lUdv3gUk, 
https://www.youtube.com/watch?v=1Y30T7xZbzQ, 
https://www.youtube.com/watch?v=oxPhqpM2hC0, 
https://www.youtube.com/watch?v=DyvzXyJ_fVg, 
https://www.youtube.com/watch?v=1iyTGnV5Q8w, 
https://www.youtube.com/watch?v=NlPnQlnBEH8, 
https://www.youtube.com/watch?v=GorkgWKyAe4, 
https://www.youtube.com/watch?v=93gJ4jZ_T2o, 
https://www.youtube.com/watch?v=4YJKo-bxoqs, 
https://www.youtube.com/watch?v=QGc86MvB43M, 
https://www.youtube.com/watch?v=sLUFwsqXTbY, 
https://www.youtube.com/watch?v=bYZqnk1mgLk, 
https://www.youtube.com/watch?v=lplCO6ZIPtg, 
https://www.youtube.com/watch?v=s_XI6SBxJhk, 
https://www.youtube.com/watch?v=9bssURy-ar8, 
https://www.youtube.com/watch?v=WCOGjOAU_D8, 
https://www.youtube.com/watch?v=DPNivzh4-os, 
https://www.youtube.com/watch?v=TYiBMpgpga8, 
https://www.youtube.com/watch?v=9yYWoKgoscM, 
https://www.youtube.com/watch?v=yzeyaL-pC18, 
https://www.youtube.com/watch?v=PG8kZQ2EkSQ, 
https://www.youtube.com/watch?v=0JUaF0CY7Co, 
https://www.youtube.com/watch?v=9p_p14FWmi4, 
https://www.youtube.com/watch?v=wXYQo09Y2kc, 
https://www.youtube.com/watch?v=B-IFyhyfDYI, 
https://www.youtube.com/watch?v=ZvX4KElPq2k, 
https://www.youtube.com/watch?v=Cy1rQCzcs6k, 
https://www.youtube.com/watch?v=sBg8TC11i6k, 
https://www.youtube.com/watch?v=fDpNeUvss30, 
https://www.youtube.com/watch?v=4YFHDjig1hc, 
https://www.youtube.com/watch?v=WwAEHvaS20s, 
https://www.youtube.com/watch?v=U1-LdRg1iMw, 
https://www.youtube.com/watch?v=Lx9dTHlIZq0, 
https://www.youtube.com/watch?v=8k-FHLSQtHk, 
https://www.youtube.com/watch?v=QZUCIkkp1gQ, 
https://www.youtube.com/watch?v=VVtPOGGCodU, 
https://www.youtube.com/watch?v=4l4-PdWAWfc, 
https://www.youtube.com/watch?v=3DQr7cXBtYU, 
https://www.youtube.com/watch?v=XnotRrW1udI, 
https://www.youtube.com/watch?v=BzhF10pQJcQ, 
https://www.youtube.com/watch?v=yhl8zFSZ_FY, 
https://www.youtube.com/watch?v=CYobZFqzqzw, 
https://www.youtube.com/watch?v=MFy7_uP45S4, 
https://www.youtube.com/watch?v=kLLdLn9Lpok, 
https://www.youtube.com/watch?v=M5SrkENbVsI, 
https://www.youtube.com/watch?v=GDOAkO17P0A, 
https://www.youtube.com/watch?v=F9km3lmsmbI, 
https://www.youtube.com/watch?v=0NqBq9Mk4Ng, 
https://www.youtube.com/watch?v=7-N9xucx1q0, 
https://www.youtube.com/watch?v=MU1GCf7cDAY, 
https://www.youtube.com/watch?v=M0XcB988ZIU, 
https://www.youtube.com/watch?v=xYInTHcdkWc, 
https://www.youtube.com/watch?v=ZeZ049BUy8Q, 
https://www.youtube.com/watch?v=8JvJIhBgYdA, 
https://www.youtube.com/watch?v=BdNNVm-9EKQ, 
https://www.youtube.com/watch?v=jyQgg71xh0A, 
https://www.youtube.com/watch?v=VvB1-0s7IWo, 
https://www.youtube.com/watch?v=gU7HakWRhNA, 
https://www.youtube.com/watch?v=DzuECt9TDLg, 
https://www.youtube.com/watch?v=k_ghtsndkf4, 
https://www.youtube.com/watch?v=AGpx0wH0gaM, 
https://www.youtube.com/watch?v=lWPgeICToUk, 
https://www.youtube.com/watch?v=KRC5hi8yZ-U, 
https://www.youtube.com/watch?v=AxutG_ZGWHU, 
https://www.youtube.com/watch?v=d_S5d5zCo70, 
https://www.youtube.com/watch?v=OcrV35VFsok, 
https://www.youtube.com/watch?v=hO9Nkorupv4, 
https://www.youtube.com/watch?v=P0E6Q-Nu71I, 
https://www.youtube.com/watch?v=iNYDhlAYmgg, 
https://www.youtube.com/watch?v=HXnlOrHPAMQ, 
https://www.youtube.com/watch?v=k3VAU6UBSRM, 
https://www.youtube.com/watch?v=_OalCm13FNs, 
https://www.youtube.com/watch?v=oyt-YG0qZEM, 
https://www.youtube.com/watch?v=56ctr8Wwqzg, 
https://www.youtube.com/watch?v=E6t5XHrdgDQ, 
https://www.youtube.com/watch?v=n-Suvm0qv-4, 
https://www.youtube.com/watch?v=O6Ir_sMsTtc, 
https://www.youtube.com/watch?v=qREdW0epjJU, 
https://www.youtube.com/watch?v=SLcy73XwDR8, 
https://www.youtube.com/watch?v=V-NUp9XVlhc, 
https://www.youtube.com/watch?v=ocNrjNybiVo, 
https://www.youtube.com/watch?v=jLGcACK4iXQ, 
https://www.youtube.com/watch?v=xMhTdTdJ12o, 
https://www.youtube.com/watch?v=Q1fp5nEacbg, 
https://www.youtube.com/watch?v=xIzdxGik7H0, 
https://www.youtube.com/watch?v=L6O4mJd4pFE, 
https://www.youtube.com/watch?v=t1HydkcWRJY, 
https://www.youtube.com/watch?v=WeeDyqRKqVI, 
https://www.youtube.com/watch?v=4GsvgKu1060, 
https://www.youtube.com/watch?v=CvOB-Is_yYU, 
https://www.youtube.com/watch?v=QTV4B59VuNU, 
https://www.youtube.com/watch?v=PbP0_yYXcHU, 
https://www.youtube.com/watch?v=W8TWCJ8ulAQ, 
https://www.youtube.com/watch?v=Ho8rWAzbcMU, 
https://www.youtube.com/watch?v=tC-J27EF800, 
https://www.youtube.com/watch?v=LIf_navuFuQ, 
https://www.youtube.com/watch?v=ZytI-c3WvZo, 
https://www.youtube.com/watch?v=fV7vFIwi52Q, 
https://www.youtube.com/watch?v=6XVrWoDxrtM, 
https://www.youtube.com/watch?v=norun46dN1o, 
https://www.youtube.com/watch?v=fFxFk0D-tyU, 
https://www.youtube.com/watch?v=97KryZmuv5c, 
https://www.youtube.com/watch?v=etGxOCbeACw, 
https://www.youtube.com/watch?v=wuKNlEaYOKw, 
https://www.youtube.com/watch?v=IELAhyaUKVk, 
https://www.youtube.com/watch?v=0YCMZnEjG8s, 
https://www.youtube.com/watch?v=A19zGL6GdaI, 
https://www.youtube.com/watch?v=vI33zkaU_fY, 
https://www.youtube.com/watch?v=bfGaUembwA8, 
https://www.youtube.com/watch?v=4F8fxwaoDqU, 
https://www.youtube.com/watch?v=kbIATHfqP4g, 
https://www.youtube.com/watch?v=3rLfm8ZuD7g, 
https://www.youtube.com/watch?v=vg9qetRqe8E, 
https://www.youtube.com/watch?v=jPwZ6bRSD3M, 
https://www.youtube.com/watch?v=FjT1wbez0Do, 
https://www.youtube.com/watch?v=0drLmJY5axc, 
https://www.youtube.com/watch?v=5jcU2MVkEy8, 
https://www.youtube.com/watch?v=HQp5gVB-rlY, 
https://www.youtube.com/watch?v=TL0weAv8C9s, 
https://www.youtube.com/watch?v=Zz57laGmbz8, 
https://www.youtube.com/watch?v=Q48iZG2zJvg, 
https://www.youtube.com/watch?v=88VOegtFlUw, 
https://www.youtube.com/watch?v=al7x1r2f_JA, 
https://www.youtube.com/watch?v=mU08nJaIlIg, 
https://www.youtube.com/watch?v=HM3Bdpmc9qY, 
https://www.youtube.com/watch?v=6i0yI_pfg7k, 
https://www.youtube.com/watch?v=1_40EYOldbY, 
https://www.youtube.com/watch?v=LH9590NkbQc, 
https://www.youtube.com/watch?v=wciM56Xj0AE, 
https://www.youtube.com/watch?v=tkFOL00iA90, 
https://www.youtube.com/watch?v=L2yQsldTjHI, 
https://www.youtube.com/watch?v=JBKY9WjVao8, 
https://www.youtube.com/watch?v=C1ZM6G4MmZU, 
https://www.youtube.com/watch?v=DjDyugQwBDI, 
https://www.youtube.com/watch?v=G9tW42_BS3A, 
https://www.youtube.com/watch?v=cK6L43O3918, 
https://www.youtube.com/watch?v=xLJcWUZU95o, 
https://www.youtube.com/watch?v=qj8hyeROG9w, 
https://www.youtube.com/watch?v=XX0SK-yVja4, 
https://www.youtube.com/watch?v=2jK9-je2VwY, 
https://www.youtube.com/watch?v=2AfYoTHgJbc, 
https://www.youtube.com/watch?v=fXEUJEQ1Nio, 
https://www.youtube.com/watch?v=vNc3HwB-QCc, 
https://www.youtube.com/watch?v=edt3EBvFWfA, 
https://www.youtube.com/watch?v=Pz-Tysz_Bbw, 
https://www.youtube.com/watch?v=tXEjMm3-_XA, 
https://www.youtube.com/watch?v=Kqd2bmel1F0, 
https://www.youtube.com/watch?v=yVCDaUZZzCc, 
https://www.youtube.com/watch?v=J3-11akU8kk, 
https://www.youtube.com/watch?v=XCsfIBqPmgc, 
https://www.youtube.com/watch?v=vmb1hsQqTnc, 
https://www.youtube.com/watch?v=X-TnAOyvd_E, 
https://www.youtube.com/watch?v=DR42nLXMDow, 
https://www.youtube.com/watch?v=fPHCoLWf6jM, 
https://www.youtube.com/watch?v=iC1-E0WHbfI, 
https://www.youtube.com/watch?v=6y-QW-45i6o, 
https://www.youtube.com/watch?v=sFkQdl2CYws, 
https://www.youtube.com/watch?v=21X5lGlDOfg, 
https://www.youtube.com/watch?v=l2MSsJ6kBLc, 
https://www.youtube.com/watch?v=d-0ZzCLZqiI, 
https://www.youtube.com/watch?v=lv76llEerPY, 
https://www.youtube.com/watch?v=474m3prRZDY, 
https://www.youtube.com/watch?v=AUbqSrEI7EI, 
https://www.youtube.com/watch?v=8fb4d9BuPqE, 
https://www.youtube.com/watch?v=ph2k7IrGzEs, 
https://www.youtube.com/watch?v=rw9w8OjWiNA, 
https://www.youtube.com/watch?v=5_XSYlAfJZM, 
https://www.youtube.com/watch?v=SzSksXpYiHc, 
https://www.youtube.com/watch?v=VFlfhMrqJ54, 
https://www.youtube.com/watch?v=2gHKDHmgVlU, 
https://www.youtube.com/watch?v=uFDqF014bew, 
https://www.youtube.com/watch?v=L9HyLjRVN8E, 
https://www.youtube.com/watch?v=sKrqs-5Auqo, 
https://www.youtube.com/watch?v=rfR1JFJv3BU, 
https://www.youtube.com/watch?v=qZH6r5NtUbQ, 
https://www.youtube.com/watch?v=NuIAYHVeFYs, 
https://www.youtube.com/watch?v=TCRfLzO3NbY, 
https://www.youtube.com/watch?v=93sm9_VXLHY, 
https://www.youtube.com/watch?v=8UFA66bi-0g, 
https://www.youtube.com/watch?v=Wf3Nki-2biQ, 
https://www.youtube.com/watch?v=Xc6oY3AlWlg, 
https://www.youtube.com/watch?v=g9V_MLnso8g, 
https://www.youtube.com/watch?v=UY0cA6JFxeQ, 
https://www.youtube.com/watch?v=o2lj54ypBrg, 
https://www.youtube.com/watch?v=v7wWIO7brSM, 
https://www.youtube.com/watch?v=CoyA9ZoZk3o, 
https://www.youtube.com/watch?v=Z0CC3E7vkXA, 
https://www.youtube.com/watch?v=8MCu48WTZ8k, 
https://www.youtube.com/watch?v=IrjEgKyZb78, 
https://www.youtube.com/watch?v=nvSEQVcIvX0, 
https://www.youtube.com/watch?v=JsDzyghCosM, 
https://www.youtube.com/watch?v=Vr-g-P_03i0, 
https://www.youtube.com/watch?v=iDk_BipJRJY, 
https://www.youtube.com/watch?v=5uUEX6bHKZM, 
https://www.youtube.com/watch?v=QL5i7R2RVOM, 
https://www.youtube.com/watch?v=IukZ7gOGPj8, 
https://www.youtube.com/watch?v=SoYOsrL1Sxw, 
https://www.youtube.com/watch?v=bB96qObNTSU, 
https://www.youtube.com/watch?v=Cp4RRAEgpeU, 
https://www.youtube.com/watch?v=u5BlgSZOevY, 
https://www.youtube.com/watch?v=-XtewI3NRBQ, 
https://www.youtube.com/watch?v=k6l4rJqgGOY, 
https://www.youtube.com/watch?v=_VPpiOWbuv8, 
https://www.youtube.com/watch?v=U8emrHsgGUg, 
https://www.youtube.com/watch?v=rTpMZAexoEs, 
https://www.youtube.com/watch?v=HEcXbKE4JqY, 
https://www.youtube.com/watch?v=nByU-7xj-JE, 
https://www.youtube.com/watch?v=-xvSajEgY1I, 
https://www.youtube.com/watch?v=JpC8YQGEayg, 
https://www.youtube.com/watch?v=xlcrukIlgqU, 
https://www.youtube.com/watch?v=Qt9QDArDpyg, 
https://www.youtube.com/watch?v=6VRB2YZdes4, 
https://www.youtube.com/watch?v=kQrJAwgGOJY, 
https://www.youtube.com/watch?v=Vt371rvA8HI, 
https://www.youtube.com/watch?v=aO34D-eUHAg, 
https://www.youtube.com/watch?v=RXvojVo8DDI, 
https://www.youtube.com/watch?v=kzFZ456hWYo, 
https://www.youtube.com/watch?v=8qAx3dRYGEM, 
https://www.youtube.com/watch?v=yZcGP5WXPoE, 
https://www.youtube.com/watch?v=eKa5iefGE9s, 
https://www.youtube.com/watch?v=b78gfKXOCT8, 
https://www.youtube.com/watch?v=bMUgmKu5z1o, 
https://www.youtube.com/watch?v=n5rrLVESCJE, 
https://www.youtube.com/watch?v=mZMJR9nopPI, 
https://www.youtube.com/watch?v=jwE8kGx6UIw, 
https://www.youtube.com/watch?v=DpOSGVA2LEg, 
https://www.youtube.com/watch?v=pYHnnofbaeo, 
https://www.youtube.com/watch?v=8ySM57gHETU, 
https://www.youtube.com/watch?v=dX5TVpg1WAg, 
https://www.youtube.com/watch?v=WNeVYGasWMc, 
https://www.youtube.com/watch?v=CZqyHKeYI04, 
https://www.youtube.com/watch?v=7hAxNeVCZIU, 
https://www.youtube.com/watch?v=N2sV5DsN_Ak, 
https://www.youtube.com/watch?v=H3EeIRQIgmA, 
https://www.youtube.com/watch?v=1RwDF830LA4, 
https://www.youtube.com/watch?v=4aRDePircTY, 
https://www.youtube.com/watch?v=v5q8JqarTjQ, 
https://www.youtube.com/watch?v=9iZSsmXr8a8, 
https://www.youtube.com/watch?v=aXAsMcmtJTc, 
https://www.youtube.com/watch?v=6_Dpv69EuoM, 
https://www.youtube.com/watch?v=RkVuso31BDk, 
https://www.youtube.com/watch?v=idmOd0B1h6Q, 
https://www.youtube.com/watch?v=vEHQlbt9th4, 
https://www.youtube.com/watch?v=65JHo3Cy2tY, 
https://www.youtube.com/watch?v=i1p0NZpJ5zA, 
https://www.youtube.com/watch?v=5jMNn_Uz67Q, 
https://www.youtube.com/watch?v=9zYwa-9a56k, 
https://www.youtube.com/watch?v=qWv64KAYKN8, 
https://www.youtube.com/watch?v=Snltgg02e30, 
https://www.youtube.com/watch?v=nPsaWA2HkCY, 
https://www.youtube.com/watch?v=cFI_hWlv_G4, 
https://www.youtube.com/watch?v=isSGp_vykQg, 
https://www.youtube.com/watch?v=DoaViascXDY, 
https://www.youtube.com/watch?v=2_0BhySMnR4, 
https://www.youtube.com/watch?v=RGoVwAcx990, 
https://www.youtube.com/watch?v=1lZywRc-2Fw, 
https://www.youtube.com/watch?v=yxz-KBgR8ZY, 
https://www.youtube.com/watch?v=U8sWQe1NM1Q, 
https://www.youtube.com/watch?v=YovsVwKrolM, 
https://www.youtube.com/watch?v=E0d9fzbbc1o, 
https://www.youtube.com/watch?v=Oxknhm7Uvqw, 
https://www.youtube.com/watch?v=-5UgOH9q_jU, 
https://www.youtube.com/watch?v=4i-sMRvw57s, 
https://www.youtube.com/watch?v=n3wsET5AOm4, 
https://www.youtube.com/watch?v=Hzqj8UsMTw8, 
https://www.youtube.com/watch?v=4ce--6pZtFo, 
https://www.youtube.com/watch?v=2fLoP1AP9X0, 
https://www.youtube.com/watch?v=vXAjMcRsvYs, 
https://www.youtube.com/watch?v=Xz7Xv4OK9Lg, 
https://www.youtube.com/watch?v=ZPEtzvGZrhY, 
https://www.youtube.com/watch?v=WycOLFWG0kA, 
https://www.youtube.com/watch?v=5qap5aO4i9A, 
https://www.youtube.com/watch?v=iYsgS08kdMY, 
https://www.youtube.com/watch?v=yxNKeXh22nE, 
https://www.youtube.com/watch?v=yoxhGp_r5xc, 
https://www.youtube.com/watch?v=vwTEq6nuP48, 
https://www.youtube.com/watch?v=LgY5RVmlKMo, 
https://www.youtube.com/watch?v=2a6PsBwqspM, 
https://www.youtube.com/watch?v=bhcAo3UrlCs, 
https://www.youtube.com/watch?v=C0lJ82pW62Y, 
https://www.youtube.com/watch?v=4j4HIdtmk6s, 
https://www.youtube.com/watch?v=KMqC0nO4TDQ, 
https://www.youtube.com/watch?v=FiaDOY06VwI, 
https://www.youtube.com/watch?v=oayBkbgNQ94, 
https://www.youtube.com/watch?v=glcnwIvGqrQ, 
https://www.youtube.com/watch?v=awkiYquEq7I, 
https://www.youtube.com/watch?v=em3cZVFqNxE, 
https://www.youtube.com/watch?v=ugobxnl6cBM, 
https://www.youtube.com/watch?v=JpLMmrxB_Tg, 
https://www.youtube.com/watch?v=Zyl8vzXa78k, 
https://www.youtube.com/watch?v=YMs7-vNB_lI, 
https://www.youtube.com/watch?v=6IagKl42-58, 
https://www.youtube.com/watch?v=bpYSEFLCNtk, 
https://www.youtube.com/watch?v=4TQTXRgA8sY, 
https://www.youtube.com/watch?v=oaC90GWPea0, 
https://www.youtube.com/watch?v=otft6rWfK9Q, 
https://www.youtube.com/watch?v=XlChMoP-Xig, 
https://www.youtube.com/watch?v=6wCltcAg5M0, 
https://www.youtube.com/watch?v=vEWCIWshq7k, 
https://www.youtube.com/watch?v=REFPNzNii8I, 
https://www.youtube.com/watch?v=ySg87yR4CeI, 
https://www.youtube.com/watch?v=ZMgVXcPwxtQ, 
https://www.youtube.com/watch?v=CcGWP0_U8L4, 
https://www.youtube.com/watch?v=H7hb0Xi5CIA, 
https://www.youtube.com/watch?v=vJdxRMW6wyM, 
https://www.youtube.com/watch?v=1aJ11Iy5yVw, 
https://www.youtube.com/watch?v=m6wk49_EtPc, 
https://www.youtube.com/watch?v=giH_BIN7XVw, 
https://www.youtube.com/watch?v=iJgNyAuIdos, 
https://www.youtube.com/watch?v=jXFSKT5frUA, 
https://www.youtube.com/watch?v=1xtiC4NFRa8, 
https://www.youtube.com/watch?v=Vsk40-HO5Is, 
https://www.youtube.com/watch?v=6f4i1fzx3iI, 
https://www.youtube.com/watch?v=353BNf1s5fY, 
https://www.youtube.com/watch?v=zOfBhttA3Dk, 
https://www.youtube.com/watch?v=3A9HLPwM5wk, 
https://www.youtube.com/watch?v=EXIV_IjJxAM, 
https://www.youtube.com/watch?v=9b9pEoxEWT8, 
https://www.youtube.com/watch?v=2tPsrTO20iE, 
https://www.youtube.com/watch?v=T7UecRiW6ZQ, 
https://www.youtube.com/watch?v=dp8PhLsUcFE, 
https://www.youtube.com/watch?v=qpaj2Ys7X2w, 
https://www.youtube.com/watch?v=TsnkZpa1Fqs, 
https://www.youtube.com/watch?v=oTje7kgtnzw, 
https://www.youtube.com/watch?v=i3vH6EdIQH8, 
https://www.youtube.com/watch?v=tHKvusCEic4, 
https://www.youtube.com/watch?v=1-wOnpZb61g, 
https://www.youtube.com/watch?v=ftGfQqCA184, 
https://www.youtube.com/watch?v=l4YfnnpuR00, 
https://www.youtube.com/watch?v=4Z_xPFEqAS4, 
https://www.youtube.com/watch?v=b7t6ieK4GV4, 
https://www.youtube.com/watch?v=UnYhov1z9AM, 
https://www.youtube.com/watch?v=AohUh4Wx2ps, 
https://www.youtube.com/watch?v=PvoIqPjZFyA, 
https://www.youtube.com/watch?v=Y90uA8nLvXw, 
https://www.youtube.com/watch?v=6OFf5nGNLbA, 
https://www.youtube.com/watch?v=x10kOY5zVhA, 
https://www.youtube.com/watch?v=Pcs58dVKGV0, 
https://www.youtube.com/watch?v=lrAHPOpH2zw, 
https://www.youtube.com/watch?v=YYvmgi_GQOE, 
https://www.youtube.com/watch?v=cXyDs4ZJ59w, 
https://www.youtube.com/watch?v=gAfZhUGXdTo, 
https://www.youtube.com/watch?v=YGJBbQKOuog, 
https://www.youtube.com/watch?v=O3LyKmLkX3c, 
https://www.youtube.com/watch?v=RJADKUuY-sw, 
https://www.youtube.com/watch?v=4Qn3LoAqoK8, 
https://www.youtube.com/watch?v=NVCi9yYwRCY, 
https://www.youtube.com/watch?v=QbFGk6m1SSU, 
https://www.youtube.com/watch?v=0btMDcCdosQ, 
https://www.youtube.com/watch?v=YP2tq348u0M, 
https://www.youtube.com/watch?v=1nT6wzg6y-A, 
https://www.youtube.com/watch?v=t6-I7Kzha-g, 
https://www.youtube.com/watch?v=nVUI6lDy0Bc, 
https://www.youtube.com/watch?v=2XJxElZKsMg, 
https://www.youtube.com/watch?v=cS2Gw3tts2Q, 
https://www.youtube.com/watch?v=F2ARbcgQN1s, 
https://www.youtube.com/watch?v=PtZ5yiUvov8, 
https://www.youtube.com/watch?v=tb0B3auGbtA, 
https://www.youtube.com/watch?v=08TabdqXtu8, 
https://www.youtube.com/watch?v=ubqML3tpnKk, 
https://www.youtube.com/watch?v=G84oDxGqoPQ, 
https://www.youtube.com/watch?v=0h-dorm2Hf0, 
https://www.youtube.com/watch?v=ZhO-ki72C9c, 
https://www.youtube.com/watch?v=ADW93EwYjp4, 
https://www.youtube.com/watch?v=VAYv45zCpnA, 
https://www.youtube.com/watch?v=Cel7umi20lw, 
https://www.youtube.com/watch?v=WXy9SJpnCwI, 
https://www.youtube.com/watch?v=mLOJ8yFpQmI, 
https://www.youtube.com/watch?v=1jgPxnqvnFo, 
https://www.youtube.com/watch?v=8VOZJhA-T1g, 
https://www.youtube.com/watch?v=GIXYZdMPBQU, 
https://www.youtube.com/watch?v=BVRLd_NuRpY, 
https://www.youtube.com/watch?v=vOeewKm0JPY, 
https://www.youtube.com/watch?v=qDuezipiYmg, 
https://www.youtube.com/watch?v=P8w1vJ3y-VQ, 
https://www.youtube.com/watch?v=-BXxGs4L53A, 
https://www.youtube.com/watch?v=YH2IVH_FhRs, 
https://www.youtube.com/watch?v=KQa-OQBixNg, 
https://www.youtube.com/watch?v=fPUn5I2zsJo, 
https://www.youtube.com/watch?v=KgGyCCL7NOM, 
https://www.youtube.com/watch?v=Q_7wiz_lURg, 
https://www.youtube.com/watch?v=o7I6KdTiOQg, 
https://www.youtube.com/watch?v=pB9oozpY3Cw, 
https://www.youtube.com/watch?v=YOvO3vz9Too, 
https://www.youtube.com/watch?v=Xh0BV8_Nh9M, 
https://www.youtube.com/watch?v=UOd_5gmeD2U, 
https://www.youtube.com/watch?v=oIrDEu2wPmU, 
https://www.youtube.com/watch?v=qzNgK27jXK0, 
https://www.youtube.com/watch?v=-m5CN38zf0U, 
https://www.youtube.com/watch?v=K4DPs7wVRRY, 
https://www.youtube.com/watch?v=5xX0Z_-mJHo, 
https://www.youtube.com/watch?v=4MeEoa0Ep0I, 
https://www.youtube.com/watch?v=hBYz-xhdrcc, 
https://www.youtube.com/watch?v=DJ8V9HAQerI, 
https://www.youtube.com/watch?v=SIEv1Xh8rR0, 
https://www.youtube.com/watch?v=quClYmRGDa8, 
https://www.youtube.com/watch?v=PUfdovVjaJE, 
https://www.youtube.com/watch?v=RNi4CKgZVMY, 
https://www.youtube.com/watch?v=a0mKH1zXfhk, 
https://www.youtube.com/watch?v=3XTcfrdVh6E, 
https://www.youtube.com/watch?v=RlpB7KhZrA0, 
https://www.youtube.com/watch?v=dQtf4eIRF20, 
https://www.youtube.com/watch?v=v808rLrTVvE, 
https://www.youtube.com/watch?v=QRvnX5cBpEk, 
https://www.youtube.com/watch?v=IU9ucvGPJZY, 
https://www.youtube.com/watch?v=6_LGsGA4UyM, 
https://www.youtube.com/watch?v=bhR-dAIkEnk, 
https://www.youtube.com/watch?v=x1tjGygE3kg, 
https://www.youtube.com/watch?v=Cy3BSwhgISw, 
https://www.youtube.com/watch?v=bkvaeX5EoUs, 
https://www.youtube.com/watch?v=wd0HNAx4G5M, 
https://www.youtube.com/watch?v=YmuQJM2inVg, 
https://www.youtube.com/watch?v=WdgZIE0T4Gs, 
https://www.youtube.com/watch?v=cavcN9tRJzE, 
https://www.youtube.com/watch?v=BgRKCeR4KAg, 
https://www.youtube.com/watch?v=Yg9Pn83i5_k, 
https://www.youtube.com/watch?v=0uA1tv6MFB0, 
https://www.youtube.com/watch?v=RYZIiVBR2Bc, 
https://www.youtube.com/watch?v=4eMBHKBVkos, 
https://www.youtube.com/watch?v=DmNCT5gHs9E, 
https://www.youtube.com/watch?v=lFPYVuLO24I, 
https://www.youtube.com/watch?v=Is6FIf9gPYg, 
https://www.youtube.com/watch?v=Mjgs066N2x0, 
https://www.youtube.com/watch?v=-oCGc2ijK4U, 
https://www.youtube.com/watch?v=JhajwzEv1Fo, 
https://www.youtube.com/watch?v=GcdN8SomBBY, 
https://www.youtube.com/watch?v=rLoDvaceGWM, 
https://www.youtube.com/watch?v=QxpFvn0EzAg, 
https://www.youtube.com/watch?v=6TQXCbcZuxY, 
https://www.youtube.com/watch?v=rfoeN4Mynx8, 
https://www.youtube.com/watch?v=sqS71drAJWE, 
https://www.youtube.com/watch?v=ELtPf8zR8NY, 
https://www.youtube.com/watch?v=N609loYkFJo, 
https://www.youtube.com/watch?v=9WhMbl5alsY, 
https://www.youtube.com/watch?v=KHQNWAXsZPI, 
https://www.youtube.com/watch?v=Dc02KcIxcG4, 
https://www.youtube.com/watch?v=3YU4LAByHKg, 
https://www.youtube.com/watch?v=akjT10sjPTc, 
https://www.youtube.com/watch?v=75_mNQUeTS4, 
https://www.youtube.com/watch?v=38vDSOtZl9I, 
https://www.youtube.com/watch?v=1YpnZ8VJ5EQ, 
https://www.youtube.com/watch?v=-HuELLWJtIc, 
https://www.youtube.com/watch?v=AAYiFaPV8G4, 
https://www.youtube.com/watch?v=W8nb7DwMl5U, 
https://www.youtube.com/watch?v=NfSV6jwLhxU, 
https://www.youtube.com/watch?v=ENtUMs3ka8c, 
https://www.youtube.com/watch?v=ZuhHBEMqFhc, 
https://www.youtube.com/watch?v=PAMR4VomSdA, 
https://www.youtube.com/watch?v=9aWtErBvbyQ, 
https://www.youtube.com/watch?v=atqdwCY5KsU, 
https://www.youtube.com/watch?v=oYPPL9DD6VM, 
https://www.youtube.com/watch?v=AFNUeUed8Ro, 
https://www.youtube.com/watch?v=Pzv8KHdwsr0, 
https://www.youtube.com/watch?v=jxVNSDD5L_Y, 
https://www.youtube.com/watch?v=VX9ANOUYO1k, 
https://www.youtube.com/watch?v=mwTK3yoo7-0, 
https://www.youtube.com/watch?v=eTAsANPVqB8, 
https://www.youtube.com/watch?v=PHdJ7-sJFqI, 
https://www.youtube.com/watch?v=4WAF2-qf_I0, 
https://www.youtube.com/watch?v=6olwdKBpHgY, 
https://www.youtube.com/watch?v=xtXMNJtgIo4, 
https://www.youtube.com/watch?v=NxHb1q0K__M, 
https://www.youtube.com/watch?v=IZab4NMqy04, 
https://www.youtube.com/watch?v=6lFEblUJRi8, 
https://www.youtube.com/watch?v=pXe8MpU7uzk, 
https://www.youtube.com/watch?v=ZSquHxWq584, 
https://www.youtube.com/watch?v=jNpJa3w5RGo, 
https://www.youtube.com/watch?v=fL8TaL4CwMo, 
https://www.youtube.com/watch?v=rgXWDk7rh4w, 
https://www.youtube.com/watch?v=bGpNSsnSlfo, 
https://www.youtube.com/watch?v=bnyxt_HlBZI, 
https://www.youtube.com/watch?v=ktPv2E-FmmM, 
https://www.youtube.com/watch?v=PY7YYJVMFbc, 
https://www.youtube.com/watch?v=eEAVxU9pODI, 
https://www.youtube.com/watch?v=MkbD1at6FIU, 
https://www.youtube.com/watch?v=mY70diZa3o0, 
https://www.youtube.com/watch?v=2dOd1KkyFQA, 
https://www.youtube.com/watch?v=2h-MUPOv0vo, 
https://www.youtube.com/watch?v=y0iKpoQbcbg, 
https://www.youtube.com/watch?v=mpcliisMsBU, 
https://www.youtube.com/watch?v=0hR5Bpbtmt0, 
https://www.youtube.com/watch?v=jy9Kb0G4pfs, 
https://www.youtube.com/watch?v=Sa_HZc1jjFQ, 
https://www.youtube.com/watch?v=AlthfCT2j7Q, 
https://www.youtube.com/watch?v=dqhawTs0mJg, 
https://www.youtube.com/watch?v=jjH6v95z3Nw, 
https://www.youtube.com/watch?v=q4znRTx4rQg, 
https://www.youtube.com/watch?v=VW3J6pwYDk8, 
https://www.youtube.com/watch?v=Ku5OKLRZ2O0, 
https://www.youtube.com/watch?v=Jomdlvze2f4, 
https://www.youtube.com/watch?v=Y2_dJqDDgv0, 
https://www.youtube.com/watch?v=JLJGvIRRWkw, 
https://www.youtube.com/watch?v=7-4PD8QsXCU, 
https://www.youtube.com/watch?v=fIvECLTQlNM, 
https://www.youtube.com/watch?v=fGKLg7hHi0g, 
https://www.youtube.com/watch?v=MwSiZJ68jn0, 
https://www.youtube.com/watch?v=tNkZsRW7h2c, 
https://www.youtube.com/watch?v=BmwOK2NP0Ws, 
https://www.youtube.com/watch?v=0G47Vbe1VdY, 
https://www.youtube.com/watch?v=ZRZi6hYIzRk, 
https://www.youtube.com/watch?v=YSPVqJFRueE, 
https://www.youtube.com/watch?v=FhZ3SIbxqF4, 
https://www.youtube.com/watch?v=JLZcrMeVfIk, 
https://www.youtube.com/watch?v=A4CdLfwGwO8, 
https://www.youtube.com/watch?v=5EhQ5i60BwU, 
https://www.youtube.com/watch?v=6xrJy-1_qS4, 
https://www.youtube.com/watch?v=LUH2JeSKW_I, 
https://www.youtube.com/watch?v=K5uLPjyYLbo, 
https://www.youtube.com/watch?v=56o-acjW2IA, 
https://www.youtube.com/watch?v=0q0TXV8PyNY, 
https://www.youtube.com/watch?v=m2MbUwtRozU, 
https://www.youtube.com/watch?v=1B23kJ9Ygj0, 
https://www.youtube.com/watch?v=iN-ja04sQ_A, 
https://www.youtube.com/watch?v=vVra5rBrGUY, 
https://www.youtube.com/watch?v=3G438TSXVBs, 
https://www.youtube.com/watch?v=lYSkn2e4HcY, 
https://www.youtube.com/watch?v=SRJBnMq_7t4, 
https://www.youtube.com/watch?v=XH8vaFef3Sc, 
https://www.youtube.com/watch?v=oft8e8RXffE, 
https://www.youtube.com/watch?v=lTjaUf8JH-A, 
https://www.youtube.com/watch?v=8tjNccpGCTk, 
https://www.youtube.com/watch?v=hRel9PwEPJQ, 
https://www.youtube.com/watch?v=zE_yzuxFiMo, 
https://www.youtube.com/watch?v=hMqdGiuzlP0, 
https://www.youtube.com/watch?v=yDKJMdZTEXQ, 
https://www.youtube.com/watch?v=2EppLNonncc, 
https://www.youtube.com/watch?v=ehy5lwVvXio, 
https://www.youtube.com/watch?v=IcMAnY45jh0, 
https://www.youtube.com/watch?v=W-EddbpO7C0, 
https://www.youtube.com/watch?v=Pu7w9zvZC-Y, 
https://www.youtube.com/watch?v=kSEhsBw69bg, 
https://www.youtube.com/watch?v=D55LjB1U2N4, 
https://www.youtube.com/watch?v=cjCmsRjxVL0, 
https://www.youtube.com/watch?v=4xspOAouPqk, 
https://www.youtube.com/watch?v=kW34b6W0izM, 
https://www.youtube.com/watch?v=DuOJqyua2ig, 
https://www.youtube.com/watch?v=x5KIuqv7cg8, 
https://www.youtube.com/watch?v=135nSBUNnIo, 
https://www.youtube.com/watch?v=FUkxWre2yRU, 
https://www.youtube.com/watch?v=IRF0RQYb3lA, 
https://www.youtube.com/watch?v=qpMWLCtqDXY, 
https://www.youtube.com/watch?v=LvfaMv9nbJc, 
https://www.youtube.com/watch?v=nSzrY_o1rJo, 
https://www.youtube.com/watch?v=QImncm7lr2w, 
https://www.youtube.com/watch?v=92ZD3ZFCdHM, 
https://www.youtube.com/watch?v=muv29jLpEnA, 
https://www.youtube.com/watch?v=jNeymq4-rsI, 
https://www.youtube.com/watch?v=7kmuwtZfuAg, 
https://www.youtube.com/watch?v=j7KfOVt_WMo, 
https://www.youtube.com/watch?v=V31QHzziIbo, 
https://www.youtube.com/watch?v=E1a0gK1Whlk, 
https://www.youtube.com/watch?v=uRzr_7vWLG0, 
https://www.youtube.com/watch?v=5rkyZrQv674, 
https://www.youtube.com/watch?v=v5a03Vf0lgQ, 
https://www.youtube.com/watch?v=Ie_z1b8cirk, 
https://www.youtube.com/watch?v=7kJGghPq3SI, 
https://www.youtube.com/watch?v=sXoYRP5GbrY, 
https://www.youtube.com/watch?v=FRzW4kcrFc0, 
https://www.youtube.com/watch?v=qpPbzIEuUZI, 
https://www.youtube.com/watch?v=fYfUc05nxuk, 
https://www.youtube.com/watch?v=lZ8UKMSMM_U, 
https://www.youtube.com/watch?v=W4QNM5kdE3M, 
https://www.youtube.com/watch?v=h0Wn8wFtyAk, 
https://www.youtube.com/watch?v=sU6OLttif4k, 
https://www.youtube.com/watch?v=pErnLU2vi4c, 
https://www.youtube.com/watch?v=hJIxWfs6418, 
https://www.youtube.com/watch?v=OowUi602GdU, 
https://www.youtube.com/watch?v=phUQ3yVYFvA, 
https://www.youtube.com/watch?v=puAP_a2n3Mo, 
https://www.youtube.com/watch?v=r63_EC52CQ8, 
https://www.youtube.com/watch?v=6RPVrcGOLBI, 
https://www.youtube.com/watch?v=pR6l5t5sdtg, 
https://www.youtube.com/watch?v=1w3vDGPofvs, 
https://www.youtube.com/watch?v=FvBuCTYKssk, 
https://www.youtube.com/watch?v=FYJDKP7uFF0, 
https://www.youtube.com/watch?v=PZ1z_P2Ge6w, 
https://www.youtube.com/watch?v=NvCSr7qzAAM, 
https://www.youtube.com/watch?v=rAJiCHSutvU, 
https://www.youtube.com/watch?v=vM8zDXxWixo, 
https://www.youtube.com/watch?v=JbDs24AgrJs, 
https://www.youtube.com/watch?v=fpvCVJUN6ig, 
https://www.youtube.com/watch?v=jpTWh9bKULw, 
https://www.youtube.com/watch?v=17QzqvBRVJU, 
https://www.youtube.com/watch?v=q_4TfntRps4, 
https://www.youtube.com/watch?v=-M63CAKd8zE, 
https://www.youtube.com/watch?v=ypcwqwRe8Ww, 
https://www.youtube.com/watch?v=KU-535N0IPM, 
https://www.youtube.com/watch?v=0q04F-t7sbU, 
https://www.youtube.com/watch?v=3B_ODJiExKU, 
https://www.youtube.com/watch?v=CS6F-i3GJ4U, 
https://www.youtube.com/watch?v=hCixZpZMCDI, 
https://www.youtube.com/watch?v=NOhp719F7wc, 
https://www.youtube.com/watch?v=uBQGTJ5JFVU, 
https://www.youtube.com/watch?v=sy1SR36GBbw, 
https://www.youtube.com/watch?v=5WtJwoB8ZsA, 
https://www.youtube.com/watch?v=9vm-Wn7xaTs, 
https://www.youtube.com/watch?v=UflSEzDQcSk, 
https://www.youtube.com/watch?v=4hMWuRwe5gE, 
https://www.youtube.com/watch?v=oBKWPf_rWMs, 
https://www.youtube.com/watch?v=rVH3vmpoOVA, 
https://www.youtube.com/watch?v=gEMePfkMD4A, 
https://www.youtube.com/watch?v=Uod7l6ISO5w, 
https://www.youtube.com/watch?v=3iYodAo6HSs, 
https://www.youtube.com/watch?v=9Auq9mYxFEE, 
https://www.youtube.com/watch?v=NHcGnPi43_Y, 
https://www.youtube.com/watch?v=7jcW-Rbzg6s, 
https://www.youtube.com/watch?v=KvoV52_UXkY, 
https://www.youtube.com/watch?v=HbHly02ib_g, 
https://www.youtube.com/watch?v=rmFtPFSnv5Y, 
https://www.youtube.com/watch?v=B_IKKLt-gzg, 
https://www.youtube.com/watch?v=0OyvQoUXrwk, 
https://www.youtube.com/watch?v=z4kbRQg0rNU, 
https://www.youtube.com/watch?v=n_j56kdxUzU, 
https://www.youtube.com/watch?v=XBPjVzSoepo, 
https://www.youtube.com/watch?v=vR3C5IsqppM, 
https://www.youtube.com/watch?v=4DZcwXS-QQg, 
https://www.youtube.com/watch?v=hq4QsXmdPhc, 
https://www.youtube.com/watch?v=H0S0oh-GbRc, 
https://www.youtube.com/watch?v=aYfSSUiYh0o, 
https://www.youtube.com/watch?v=z8vtDnXvEvY, 
https://www.youtube.com/watch?v=UekJtc_wpHc, 
https://www.youtube.com/watch?v=56q08RLiWog, 
https://www.youtube.com/watch?v=DlIGptB-W0U, 
https://www.youtube.com/watch?v=bdDEAdm2Ek0, 
https://www.youtube.com/watch?v=103fYNJdEO8, 
https://www.youtube.com/watch?v=9CqfkbWgWEE, 
https://www.youtube.com/watch?v=dZKNxlJUcN0, 
https://www.youtube.com/watch?v=C7V1MlZmH-o, 
https://www.youtube.com/watch?v=e-5kXgDhDM8, 
https://www.youtube.com/watch?v=m4TbJhzQqLA, 
https://www.youtube.com/watch?v=VmLYn8MPQ9s, 
https://www.youtube.com/watch?v=lnHX1tseNvc, 
https://www.youtube.com/watch?v=syKDauQvJNQ, 
https://www.youtube.com/watch?v=F109TZt3nRc, 
https://www.youtube.com/watch?v=Pz1vzC_SUEs, 
https://www.youtube.com/watch?v=K4Jqtt9gh3o, 
https://www.youtube.com/watch?v=K1vLnAjXV00, 
https://www.youtube.com/watch?v=0D4DhI6ensc, 
https://www.youtube.com/watch?v=eFkjUPXM87I, 
https://www.youtube.com/watch?v=0LGYe6B7KNU, 
https://www.youtube.com/watch?v=c4kpeZHcke8, 
https://www.youtube.com/watch?v=z4vQEMiD3VI, 
https://www.youtube.com/watch?v=GocSn8suIhE, 
https://www.youtube.com/watch?v=RTeGkhAkkns, 
https://www.youtube.com/watch?v=vBc0HWHq1vw, 
https://www.youtube.com/watch?v=YRpoGsdHcWs, 
https://www.youtube.com/watch?v=oDqIzJ5qvgE, 
https://www.youtube.com/watch?v=fYqTAkaDL68, 
https://www.youtube.com/watch?v=qWlry5rSTBo, 
https://www.youtube.com/watch?v=AbNhyQSia28, 
https://www.youtube.com/watch?v=vrsJxVuIbVg, 
https://www.youtube.com/watch?v=aKHL8BvDX4Y, 
https://www.youtube.com/watch?v=-wMeL0r5MnM, 
https://www.youtube.com/watch?v=OuW5jvSxRi8, 
https://www.youtube.com/watch?v=RxR6SU_m5ow, 
https://www.youtube.com/watch?v=S-jtI9KlCE0, 
https://www.youtube.com/watch?v=gYkci0rH8Ac, 
https://www.youtube.com/watch?v=yoMMhzvxptM, 
https://www.youtube.com/watch?v=AJ4lZGglNcs, 
https://www.youtube.com/watch?v=GzbPVzPnT-U, 
https://www.youtube.com/watch?v=F4q2Ot_97eI, 
https://www.youtube.com/watch?v=2Wa9tfpCuBI, 
https://www.youtube.com/watch?v=Z2GiSzeJsxc, 
https://www.youtube.com/watch?v=9c39kmRGXrU, 
https://www.youtube.com/watch?v=3hya1xVuJB4, 
https://www.youtube.com/watch?v=IC5IhweLDXc, 
https://www.youtube.com/watch?v=oPQHY10yqL8, 
https://www.youtube.com/watch?v=-TVBdFkn7I4, 
https://www.youtube.com/watch?v=aH-HAalQ1ao, 
https://www.youtube.com/watch?v=zPcDsgXvJNc, 
https://www.youtube.com/watch?v=Ke60AKYFZTw, 
https://www.youtube.com/watch?v=4L-1zqCNvu8, 
https://www.youtube.com/watch?v=bJh0M3HRmfE, 
https://www.youtube.com/watch?v=c4TLk_jFfgE, 
https://www.youtube.com/watch?v=6h893aBxH28, 
https://www.youtube.com/watch?v=cGOBCiqyBmU, 
https://www.youtube.com/watch?v=EEIk7gwjgIM, 
https://www.youtube.com/watch?v=2DoCgGP_0g0, 
https://www.youtube.com/watch?v=3QNeWgdqXLg, 
https://www.youtube.com/watch?v=N-StEGiHtjw, 
https://www.youtube.com/watch?v=z--VholG-EA, 
https://www.youtube.com/watch?v=CwriDd8STdI, 
https://www.youtube.com/watch?v=-KNCpKDKt7Y, 
https://www.youtube.com/watch?v=TNUhHfp7s24, 
https://www.youtube.com/watch?v=sr5mFKFBcDg, 
https://www.youtube.com/watch?v=h-3lOrb1Rro, 
https://www.youtube.com/watch?v=JH_NzhSsqis, 
https://www.youtube.com/watch?v=NOFqTQxGjFQ, 
https://www.youtube.com/watch?v=oKU1NkoU5T4, 
https://www.youtube.com/watch?v=HxskodBuSXg, 
https://www.youtube.com/watch?v=NvqKZHpKs-g, 
https://www.youtube.com/watch?v=T986hHKJo0s, 
https://www.youtube.com/watch?v=g4sSOUw-0a8, 
https://www.youtube.com/watch?v=7vjpg0eHOYk, 
https://www.youtube.com/watch?v=M5huFQWHyVI, 
https://www.youtube.com/watch?v=PHjb-u0VcWk, 
https://www.youtube.com/watch?v=ZxbLCJZyITM, 
https://www.youtube.com/watch?v=Q5jVegw9pNI, 
https://www.youtube.com/watch?v=_Nizq6hDF9w, 
https://www.youtube.com/watch?v=I_IzcqZEna0, 
https://www.youtube.com/watch?v=c8TPkIEfrY0, 
https://www.youtube.com/watch?v=DTLoNZQ0gZ4, 
https://www.youtube.com/watch?v=j8LT0CVHrAQ, 
https://www.youtube.com/watch?v=63LZZrM4miI, 
https://www.youtube.com/watch?v=D-WS8ZKEm4E, 
https://www.youtube.com/watch?v=-0IfZDEsgfw, 
https://www.youtube.com/watch?v=XvK5oxSwwhs, 
https://www.youtube.com/watch?v=2FC794xcbIo, 
https://www.youtube.com/watch?v=fp39XWPMqag, 
https://www.youtube.com/watch?v=KPYCGdHDNeY, 
https://www.youtube.com/watch?v=tPdKmQyh6W8, 
https://www.youtube.com/watch?v=vdK4lu3fMes, 
https://www.youtube.com/watch?v=r7w9vNhbwbM, 
https://www.youtube.com/watch?v=Q7oswgzGIK0, 
https://www.youtube.com/watch?v=p6nAlz4_bdI, 
https://www.youtube.com/watch?v=hJAdyea_BzI, 
https://www.youtube.com/watch?v=jnuacQgCEEA, 
https://www.youtube.com/watch?v=VnPc8MksWPM, 
https://www.youtube.com/watch?v=nSNbokX-M8I, 
https://www.youtube.com/watch?v=ZuoL3P2dgmg, 
https://www.youtube.com/watch?v=57mXsXttXZc, 
https://www.youtube.com/watch?v=A5opblq4csA, 
https://www.youtube.com/watch?v=gH045WGMTAI, 
https://www.youtube.com/watch?v=8wgAIfW-si0, 
https://www.youtube.com/watch?v=2XeXRyUELnk, 
https://www.youtube.com/watch?v=ukvkqoQZrmM, 
https://www.youtube.com/watch?v=ovx8bs1AACY, 
https://www.youtube.com/watch?v=JUtuhximDp0, 
https://www.youtube.com/watch?v=m3z2AZ5atjU, 
https://www.youtube.com/watch?v=lD7eIOmylS8, 
https://www.youtube.com/watch?v=WH6a51f4b6w, 
https://www.youtube.com/watch?v=esginx6WCgI, 
https://www.youtube.com/watch?v=YV5CVgTFfpo, 
https://www.youtube.com/watch?v=GrZ8LL8yAqs, 
https://www.youtube.com/watch?v=U1eGvUPDXWQ, 
https://www.youtube.com/watch?v=VwTFodAY_aE, 
https://www.youtube.com/watch?v=kGMOVb0IABs, 
https://www.youtube.com/watch?v=QeFCLs7dKgc, 
https://www.youtube.com/watch?v=whlnez2Mmpg, 
https://www.youtube.com/watch?v=FwYhbFuysXU, 
https://www.youtube.com/watch?v=jNFxmb1qfoA, 
https://www.youtube.com/watch?v=nkhXWX3PtM8, 
https://www.youtube.com/watch?v=yOKn755TA3U, 
https://www.youtube.com/watch?v=SH63YaIWyK0, 
https://www.youtube.com/watch?v=nMd-t8Dnrkg, 
https://www.youtube.com/watch?v=iTg9JNgh1Hw, 
https://www.youtube.com/watch?v=znMqmNKo5kY, 
https://www.youtube.com/watch?v=YSBO7Zl8mU4, 
https://www.youtube.com/watch?v=Oax4uvBoE98, 
https://www.youtube.com/watch?v=0oL2qxdStA4, 
https://www.youtube.com/watch?v=zIvtJ05k-bI, 
https://www.youtube.com/watch?v=yIoY-edup8w, 
https://www.youtube.com/watch?v=YsLlAS6EUOE, 
https://www.youtube.com/watch?v=N5WOt2enPZI, 
https://www.youtube.com/watch?v=VM0z6JAa69c, 
https://www.youtube.com/watch?v=xOsXWkp1_BM, 
https://www.youtube.com/watch?v=SxhvPOvWz9w, 
https://www.youtube.com/watch?v=vBG2O907OM8, 
https://www.youtube.com/watch?v=As5lFaGLv_E, 
https://www.youtube.com/watch?v=df2OQnpEaoc, 
https://www.youtube.com/watch?v=Bw8Ixie68Mg, 
https://www.youtube.com/watch?v=5FTfePxU2Js, 
https://www.youtube.com/watch?v=48MFrf5ADp8, 
https://www.youtube.com/watch?v=AhcH03HwuH0, 
https://www.youtube.com/watch?v=KkpKK6cjO-4, 
https://www.youtube.com/watch?v=t_qhrO5BH9Y, 
https://www.youtube.com/watch?v=26NaUxNBSgw, 
https://www.youtube.com/watch?v=X6Dc9xbODdU, 
https://www.youtube.com/watch?v=5PrbiJSk_2w, 
https://www.youtube.com/watch?v=dYEBPG5BN2g, 
https://www.youtube.com/watch?v=36YnV9STBqc, 
https://www.youtube.com/watch?v=0eUANtAk61U, 
https://www.youtube.com/watch?v=Z_y7L7CdVOo, 
https://www.youtube.com/watch?v=iL53Y28Rp84, 
https://www.youtube.com/watch?v=FbWM2WAkH0A, 
https://www.youtube.com/watch?v=rlZ6OMb3L8g, 
https://www.youtube.com/watch?v=WHhZx6OruPU, 
https://www.youtube.com/watch?v=Gxvs1YwlAec, 
https://www.youtube.com/watch?v=QXdlnRnJ5c8, 
https://www.youtube.com/watch?v=Dx5qFachd3A, 
https://www.youtube.com/watch?v=IoayY4Ri8j4, 
https://www.youtube.com/watch?v=oEglDulOeIY, 
https://www.youtube.com/watch?v=1Jalgd_9UaU, 
https://www.youtube.com/watch?v=0L7mOpAq2Bc, 
https://www.youtube.com/watch?v=_UE6JdYdnOw, 
https://www.youtube.com/watch?v=Jkhqq6irtgo, 
https://www.youtube.com/watch?v=_hh3fCu87L0, 
https://www.youtube.com/watch?v=MVTFh6AFaVg, 
https://www.youtube.com/watch?v=80FlrfVhp3g, 
https://www.youtube.com/watch?v=iCK-uYd58oU, 
https://www.youtube.com/watch?v=6h20baX-ecY, 
https://www.youtube.com/watch?v=CVPQuZvwuM4, 
https://www.youtube.com/watch?v=tNMdSzze7Ic, 
https://www.youtube.com/watch?v=efTkwUcrc50, 
https://www.youtube.com/watch?v=3TW7rq3IbG4, 
https://www.youtube.com/watch?v=-wzFzTTbosU, 
https://www.youtube.com/watch?v=3JmdxZXoPeU, 
https://www.youtube.com/watch?v=mhltoWoT0fA, 
https://www.youtube.com/watch?v=vM7_-e0gdsc, 
https://www.youtube.com/watch?v=EnxRJii_dp8, 
https://www.youtube.com/watch?v=LGUFNagY9OI, 
https://www.youtube.com/watch?v=5LgzvscbC6I, 
https://www.youtube.com/watch?v=tQBGH__Fq_0, 
https://www.youtube.com/watch?v=wwNZKfBLAsc, 
https://www.youtube.com/watch?v=GEZy1rcNQWE, 
https://www.youtube.com/watch?v=3EWabRjYx-c, 
https://www.youtube.com/watch?v=GjrCfwyoBX0, 
https://www.youtube.com/watch?v=FnC38ANJ25I, 
https://www.youtube.com/watch?v=4hx8Xqj0cXM, 
https://www.youtube.com/watch?v=U_XsRZXL2Ic, 
https://www.youtube.com/watch?v=RBlHtstCKIU, 
https://www.youtube.com/watch?v=5tT6VWiiJi8, 
https://www.youtube.com/watch?v=ZdWsNl20lf8, 
https://www.youtube.com/watch?v=0gGUQ0kcDdE, 
https://www.youtube.com/watch?v=CLH1hLR67DI, 
https://www.youtube.com/watch?v=ptHCYmGszhc, 
https://www.youtube.com/watch?v=18bBI2EwbbA, 
https://www.youtube.com/watch?v=e1ZkZB2VD3E, 
https://www.youtube.com/watch?v=_7TBnP8Acjg, 
https://www.youtube.com/watch?v=8yAgaVi8CAc, 
https://www.youtube.com/watch?v=5tZQPh18rmk, 
https://www.youtube.com/watch?v=5JjGc5fN1K0, 
https://www.youtube.com/watch?v=PA3niQ9ECFs, 
https://www.youtube.com/watch?v=A3pXbpUbAdg, 
https://www.youtube.com/watch?v=A05VzBieS6A, 
https://www.youtube.com/watch?v=P4nZrcX98kc, 
https://www.youtube.com/watch?v=Y-PLK6m715g, 
https://www.youtube.com/watch?v=WDHphLHhoYQ, 
https://www.youtube.com/watch?v=qcNinDEYwUo, 
https://www.youtube.com/watch?v=XGgnP29GFhw, 
https://www.youtube.com/watch?v=eSDCpQQrgVw, 
https://www.youtube.com/watch?v=2gO1v2GPMFk, 
https://www.youtube.com/watch?v=vfCtzdHdo1k, 
https://www.youtube.com/watch?v=Ru1E_hSKPLU, 
https://www.youtube.com/watch?v=wGRnqxpoYdg, 
https://www.youtube.com/watch?v=1yaZhwe5zXo, 
https://www.youtube.com/watch?v=to0fzl3P6a8, 
https://www.youtube.com/watch?v=__GWqI39wgU, 
https://www.youtube.com/watch?v=NwBNuxattCo, 
https://www.youtube.com/watch?v=nYagzClj9Kg, 
https://www.youtube.com/watch?v=43UQ34gtE2A, 
https://www.youtube.com/watch?v=Nulfh61bbEw, 
https://www.youtube.com/watch?v=_2rvoH5oDcg, 
https://www.youtube.com/watch?v=jy-onptWwN8, 
https://www.youtube.com/watch?v=wlWIhUM7Jpk, 
https://www.youtube.com/watch?v=_kVQDxDf-_g, 
https://www.youtube.com/watch?v=kP5gh0SeGWI, 
https://www.youtube.com/watch?v=5KQ41XfZj1I, 
https://www.youtube.com/watch?v=lihzMMk4WFU, 
https://www.youtube.com/watch?v=T6IZqy0yTKE, 
https://www.youtube.com/watch?v=hA50q3wJOvY, 
https://www.youtube.com/watch?v=gidaIlGGqWk, 
https://www.youtube.com/watch?v=H3cPQMglHkE, 
https://www.youtube.com/watch?v=il_iOA_hCpY, 
https://www.youtube.com/watch?v=VIO1QgcS_6U, 
https://www.youtube.com/watch?v=1QLtre40-0g, 
https://www.youtube.com/watch?v=SrG2_dglBwk, 
https://www.youtube.com/watch?v=M41Nwm3XBFo, 
https://www.youtube.com/watch?v=NhhQTf7XtUs, 
https://www.youtube.com/watch?v=ISP8du5pNh0, 
https://www.youtube.com/watch?v=TPBo6baceyQ, 
https://www.youtube.com/watch?v=9fAhCdv5eS8, 
https://www.youtube.com/watch?v=hh3yDF9YfeE, 
https://www.youtube.com/watch?v=RqfLcIc4FxA, 
https://www.youtube.com/watch?v=_zfYhsbn2ds, 
https://www.youtube.com/watch?v=-N7p8426Bug, 
https://www.youtube.com/watch?v=zwwBmLaNzOU, 
https://www.youtube.com/watch?v=s48FBVh9Fyk, 
https://www.youtube.com/watch?v=pofMJKUNhNc, 
https://www.youtube.com/watch?v=fa8qoy0skyY, 
https://www.youtube.com/watch?v=bZusrpZ4tTo, 
https://www.youtube.com/watch?v=qcqxyKhwkbQ, 
https://www.youtube.com/watch?v=YWp2YMsEczc, 
https://www.youtube.com/watch?v=xW6YUEL7l_g, 
https://www.youtube.com/watch?v=j8zfdmhhLdA, 
https://www.youtube.com/watch?v=yAgmqYVnUZA, 
https://www.youtube.com/watch?v=Gm3bQVANtVo, 
https://www.youtube.com/watch?v=H6iASQXkIxw, 
https://www.youtube.com/watch?v=AbmypXI6i6Y, 
https://www.youtube.com/watch?v=vQ4eAZnJwuA, 
https://www.youtube.com/watch?v=laPXUMK_DvM, 
https://www.youtube.com/watch?v=gNnlxiG8LZI, 
https://www.youtube.com/watch?v=5Ob_RqbtixA, 
https://www.youtube.com/watch?v=61Ehnu51AAQ, 
https://www.youtube.com/watch?v=1tG3adV07j8, 
https://www.youtube.com/watch?v=k5ui7wej8gA, 
https://www.youtube.com/watch?v=VvZFRbo2KIg, 
https://www.youtube.com/watch?v=aJF60o3M1O4, 
https://www.youtube.com/watch?v=UmclL6funN8, 
https://www.youtube.com/watch?v=_RHeHn5Py1I, 
https://www.youtube.com/watch?v=FYaX7xwlHlE, 
https://www.youtube.com/watch?v=cuN1mO0OMdU, 
https://www.youtube.com/watch?v=KBRMxjDjXfY, 
https://www.youtube.com/watch?v=jpt4_66-yHU, 
https://www.youtube.com/watch?v=v8GFmriCWN8, 
https://www.youtube.com/watch?v=vJ7so6cmjSQ, 
https://www.youtube.com/watch?v=6Poonh_ZY4I, 
https://www.youtube.com/watch?v=yjMZty098f0, 
https://www.youtube.com/watch?v=EzBjQFjPD5k, 
https://www.youtube.com/watch?v=7b5C2GN8C7s, 
https://www.youtube.com/watch?v=H-_sGi4Sbtk, 
https://www.youtube.com/watch?v=f7AJwlVzd1c, 
https://www.youtube.com/watch?v=XWmQtBOaSXQ, 
https://www.youtube.com/watch?v=AnqKb7nrgVs, 
https://www.youtube.com/watch?v=zKpPfH8u3GI, 
https://www.youtube.com/watch?v=tajqcfv34hs, 
https://www.youtube.com/watch?v=hdK0TyGY-EU, 
https://www.youtube.com/watch?v=DoUOrTJbIu4, 
https://www.youtube.com/watch?v=-gobiSD9AVc, 
https://www.youtube.com/watch?v=sxtXe5Ufi18, 
https://www.youtube.com/watch?v=WeZL3zpa_6U, 
https://www.youtube.com/watch?v=RmmAzrAkKqI, 
https://www.youtube.com/watch?v=W9BhpatGG8I, 
https://www.youtube.com/watch?v=zC3yW--WhZg, 
https://www.youtube.com/watch?v=1X0OYu8NMOo, 
https://www.youtube.com/watch?v=vPk74oCZiw0, 
https://www.youtube.com/watch?v=9TqV5c0BQWM, 
https://www.youtube.com/watch?v=sR219VqJr_I, 
https://www.youtube.com/watch?v=YUzQ3GrRdC4, 
https://www.youtube.com/watch?v=PO9ztLGLvbo, 
https://www.youtube.com/watch?v=0cVnY6M-lKw, 
https://www.youtube.com/watch?v=gauf1M1CvFo, 
https://www.youtube.com/watch?v=blDTSn5juTU, 
https://www.youtube.com/watch?v=3P0ETAWG444, 
https://www.youtube.com/watch?v=84-TQiEpYds, 
https://www.youtube.com/watch?v=RsiW3ppOrgs, 
https://www.youtube.com/watch?v=NMre6IAAAiU, 
https://www.youtube.com/watch?v=--r_TblQBqA, 
https://www.youtube.com/watch?v=6dPO8zojVbQ, 
https://www.youtube.com/watch?v=zKYywhQoLJg, 
https://www.youtube.com/watch?v=Ttv2364cCc8, 
https://www.youtube.com/watch?v=qCcUmqSv5qg, 
https://www.youtube.com/watch?v=MCguZ4FrdEc, 
https://www.youtube.com/watch?v=0Xd9oxSzKRA, 
https://www.youtube.com/watch?v=v6mn5LrK7IY, 
https://www.youtube.com/watch?v=CV5Fooi8YJA, 
https://www.youtube.com/watch?v=AngvRwz-FDs, 
https://www.youtube.com/watch?v=t9XNKQY4tQc, 
https://www.youtube.com/watch?v=PlTXWqE8HWE, 
https://www.youtube.com/watch?v=gKjUVY1Wh_0, 
https://www.youtube.com/watch?v=JaByVP9aPeY, 
https://www.youtube.com/watch?v=yib122p2wKQ, 
https://www.youtube.com/watch?v=EqqcXoaP75s, 
https://www.youtube.com/watch?v=omAB8ceNFd0, 
https://www.youtube.com/watch?v=yyz_e-yeZV8, 
https://www.youtube.com/watch?v=sBdElfvcn1s, 
https://www.youtube.com/watch?v=HEfollmGT4A, 
https://www.youtube.com/watch?v=-b1SpTq_uKY, 
https://www.youtube.com/watch?v=6WoEFg_q5FE, 
https://www.youtube.com/watch?v=ZIabjJhOBr8, 
https://www.youtube.com/watch?v=kpzKmQUMh4E, 
https://www.youtube.com/watch?v=BB4DYUt1Apg, 
https://www.youtube.com/watch?v=9GwN5n03pwU, 
https://www.youtube.com/watch?v=n0E_aZ5C0x8, 
https://www.youtube.com/watch?v=hgy6ct46BnI, 
https://www.youtube.com/watch?v=Cy384wP8qYA, 
https://www.youtube.com/watch?v=AN_rHmK7nug, 
https://www.youtube.com/watch?v=ueik_Uu4xbo, 
https://www.youtube.com/watch?v=nKHKHU_cRNg, 
https://www.youtube.com/watch?v=Pm_RPOVlbGQ, 
https://www.youtube.com/watch?v=hrbQTZMxpT4, 
https://www.youtube.com/watch?v=_iDeHxqe86U, 
https://www.youtube.com/watch?v=JGBxQodLSHc, 
https://www.youtube.com/watch?v=8usQ37GSg0Y, 
https://www.youtube.com/watch?v=IyoZ1vjbEJM, 
https://www.youtube.com/watch?v=cGAoUrMsZDQ, 
https://www.youtube.com/watch?v=7XrYqMtchdA, 
https://www.youtube.com/watch?v=3NoLUOlSshY, 
https://www.youtube.com/watch?v=rlIeoJZTLJk, 
https://www.youtube.com/watch?v=SvvrNK7BS9c, 
https://www.youtube.com/watch?v=eoQPli0IEP0, 
https://www.youtube.com/watch?v=xWAaC3MuaZQ, 
https://www.youtube.com/watch?v=nA9UZF-SZoQ, 
https://www.youtube.com/watch?v=Y3jMCCfwRKY, 
https://www.youtube.com/watch?v=u2esyCVqJmA, 
https://www.youtube.com/watch?v=-2rJfoWmpKE, 
https://www.youtube.com/watch?v=2cbo8CX6plE, 
https://www.youtube.com/watch?v=xYVu9D9zLLw, 
https://www.youtube.com/watch?v=wNcwiMcbiWg, 
https://www.youtube.com/watch?v=T2wm8Pjcdpc, 
https://www.youtube.com/watch?v=Er0T6KHdPck, 
https://www.youtube.com/watch?v=X9vo4ccgizA, 
https://www.youtube.com/watch?v=jnGUs3jCb_I, 
https://www.youtube.com/watch?v=sZIqICJpQMw, 
https://www.youtube.com/watch?v=6SdzICXhaJ8, 
https://www.youtube.com/watch?v=BT75knJf9rg, 
https://www.youtube.com/watch?v=F80ZQGROl50, 
https://www.youtube.com/watch?v=_4PfczuRlME, 
https://www.youtube.com/watch?v=Pj84-0bRazs, 
https://www.youtube.com/watch?v=bq2ZR-KMr_A, 
https://www.youtube.com/watch?v=w2gG6XjN1qk, 
https://www.youtube.com/watch?v=q1jTzooLJoU, 
https://www.youtube.com/watch?v=5pRYyqycs2U, 
https://www.youtube.com/watch?v=X9o77GPerGQ, 
https://www.youtube.com/watch?v=lG3dsrjE-XY, 
https://www.youtube.com/watch?v=kRD6OHqjDC8, 
https://www.youtube.com/watch?v=F8U4DxVzlQs, 
https://www.youtube.com/watch?v=tWdI0YfY93Y, 
https://www.youtube.com/watch?v=HvgV4MPx5Nc, 
https://www.youtube.com/watch?v=IebzjqLQoYg, 
https://www.youtube.com/watch?v=wJE5boOHfrg, 
https://www.youtube.com/watch?v=2oaDsumZKDE, 
https://www.youtube.com/watch?v=hKGFPj0VlZM, 
https://www.youtube.com/watch?v=DE3C5ATlgNc, 
https://www.youtube.com/watch?v=M-RFWoMT574, 
https://www.youtube.com/watch?v=FxKQreH-2f8, 
https://www.youtube.com/watch?v=fADwivDwZeI, 
https://www.youtube.com/watch?v=TecIBkeGHbc, 
https://www.youtube.com/watch?v=63_-phCUDyg, 
https://www.youtube.com/watch?v=tkADOB9qWWc, 
https://www.youtube.com/watch?v=GbpKO2Il0-4, 
https://www.youtube.com/watch?v=YmZv8Pfwum4, 
https://www.youtube.com/watch?v=FmgwWkQPirg, 
https://www.youtube.com/watch?v=rw_LpUtPzhQ, 
https://www.youtube.com/watch?v=FS9kfPDG04E, 
https://www.youtube.com/watch?v=ZrJyATrrKVs, 
https://www.youtube.com/watch?v=E6wrSYDJ8j8, 
https://www.youtube.com/watch?v=3X4ReP_tAO8, 
https://www.youtube.com/watch?v=mcl1lzrEqiY, 
https://www.youtube.com/watch?v=MzwKjdQTrLo, 
https://www.youtube.com/watch?v=Lf5BvGAj_Os, 
https://www.youtube.com/watch?v=KmfaFtU-KRM, 
https://www.youtube.com/watch?v=-9-k79BKNzY, 
https://www.youtube.com/watch?v=9L7EhGU_YY4, 
https://www.youtube.com/watch?v=7h9r2V3ZH7M, 
https://www.youtube.com/watch?v=1V2mkrEfWCg, 
https://www.youtube.com/watch?v=aL-S8etEZlE, 
https://www.youtube.com/watch?v=7cvAsqcfYKQ, 
https://www.youtube.com/watch?v=8qSjArqtm-E, 
https://www.youtube.com/watch?v=02b4sqq35n4, 
https://www.youtube.com/watch?v=KRkZGOp1jq0, 
https://www.youtube.com/watch?v=IpYgasjwIIo, 
https://www.youtube.com/watch?v=RJSvltfEMfU, 
https://www.youtube.com/watch?v=lVOdtYESBNc, 
https://www.youtube.com/watch?v=y26O-HI0BSw, 
https://www.youtube.com/watch?v=le4AmpsVVB0, 
https://www.youtube.com/watch?v=mpwfjhmyEzw, 
https://www.youtube.com/watch?v=fPh1GWq39KY, 
https://www.youtube.com/watch?v=3mE_mpsx_nU, 
https://www.youtube.com/watch?v=81F2GS0qwhs, 
https://www.youtube.com/watch?v=pa4NuwFgI_8, 
https://www.youtube.com/watch?v=gkSoZ-PhZhU, 
https://www.youtube.com/watch?v=gUZjDCZEMDA, 
https://www.youtube.com/watch?v=3UpyLIolRwQ, 
https://www.youtube.com/watch?v=Cm8IQnh_h-U, 
https://www.youtube.com/watch?v=m4A6RIOwC2E, 
https://www.youtube.com/watch?v=wJwCvILxpIU, 
https://www.youtube.com/watch?v=CUUYo8z2Foc, 
https://www.youtube.com/watch?v=1EIkX659YOw, 
https://www.youtube.com/watch?v=nFxA7YLtX4E, 
https://www.youtube.com/watch?v=Ixpe2d_3SWk, 
https://www.youtube.com/watch?v=XCx5VjyQEn8, 
https://www.youtube.com/watch?v=eMfYsmMwbxY, 
https://www.youtube.com/watch?v=j_-lseUCaXY, 
https://www.youtube.com/watch?v=ogMTmdbYaPs, 
https://www.youtube.com/watch?v=0mQHoPcA86E, 
https://www.youtube.com/watch?v=t4Eb8pbpUDE, 
https://www.youtube.com/watch?v=U7PlxGOYuy8, 
